body_title,graph,senior_csv_filepath,junior_csv_filepath,xls_filepath,senior_posts_count,junior_posts_count
Animal Health and Veterinary Laboratories Agency,2011-03-31,data/dgu/csv-from-triplestore/animal_health_and_veterinary_laboratories_agency-2011-03-31-junior.csv,data/dgu/csv-from-triplestore/animal_health_and_veterinary_laboratories_agency-2011-03-31-junior.csv,data/dgu/xls-from-triplestore/animal_health_and_veterinary_laboratories_agency-2011-03-31-organogram.xls,12,219
Appointments Commission,2011-03-31,data/dgu/csv-from-triplestore/appointments_commission-2011-03-31-junior.csv,data/dgu/csv-from-triplestore/appointments_commission-2011-03-31-junior.csv,data/dgu/xls-from-triplestore/appointments_commission-2011-03-31-organogram.xls,3,13
Asset Protection Agency,2011-03-31,data/dgu/csv-from-triplestore/asset_protection_agency-2011-03-31-junior.csv,data/dgu/csv-from-triplestore/asset_protection_agency-2011-03-31-junior.csv,data/dgu/xls-from-triplestore/asset_protection_agency-2011-03-31-organogram.xls,18,8
Attorney General's Office,2011-03-31,data/dgu/csv-from-triplestore/attorney_generals_office-2011-03-31-junior.csv,data/dgu/csv-from-triplestore/attorney_generals_office-2011-03-31-junior.csv,data/dgu/xls-from-triplestore/attorney_generals_office-2011-03-31-organogram.xls,6,20
Audit Commission,2011-03-31,data/dgu/csv-from-triplestore/audit_commission-2011-03-31-junior.csv,data/dgu/csv-from-triplestore/audit_commission-2011-03-31-junior.csv,data/dgu/xls-from-triplestore/audit_commission-2011-03-31-organogram.xls,25,166
BIG Lottery Fund,2011-03-31,data/dgu/csv-from-triplestore/big_lottery_fund-2011-03-31-junior.csv,data/dgu/csv-from-triplestore/big_lottery_fund-2011-03-31-junior.csv,data/dgu/xls-from-triplestore/big_lottery_fund-2011-03-31-organogram.xls,21,37
British Transport Police Authority,2011-03-31,data/dgu/csv-from-triplestore/british_transport_police_authority-2011-03-31-junior.csv,data/dgu/csv-from-triplestore/british_transport_police_authority-2011-03-31-junior.csv,data/dgu/xls-from-triplestore/british_transport_police_authority-2011-03-31-organogram.xls,17,5
Cabinet Office,2011-03-31,data/dgu/csv-from-triplestore/cabinet_office-2011-03-31-junior.csv,data/dgu/csv-from-triplestore/cabinet_office-2011-03-31-junior.csv,data/dgu/xls-from-triplestore/cabinet_office-2011-03-31-organogram.xls,216,763
Care Quality Commission,2011-03-31,data/dgu/csv-from-triplestore/care_quality_commission-2011-03-31-junior.csv,data/dgu/csv-from-triplestore/care_quality_commission-2011-03-31-junior.csv,data/dgu/xls-from-triplestore/care_quality_commission-2011-03-31-organogram.xls,46,312
Child Maintenance and Enforcement Commission,2011-03-31,data/dgu/csv-from-triplestore/child_maintenance_and_enforcement_commission-2011-03-31-junior.csv,data/dgu/csv-from-triplestore/child_maintenance_and_enforcement_commission-2011-03-31-junior.csv,data/dgu/xls-from-triplestore/child_maintenance_and_enforcement_commission-2011-03-31-organogram.xls,39,298
Children and Family Court Advisory and Support Service,2011-03-31,data/dgu/csv-from-triplestore/children_and_family_court_advisory_and_support_service-2011-03-31-junior.csv,data/dgu/csv-from-triplestore/children_and_family_court_advisory_and_support_service-2011-03-31-junior.csv,data/dgu/xls-from-triplestore/children_and_family_court_advisory_and_support_service-2011-03-31-organogram.xls,9,78
Children's Workforce Development Council,2011-03-31,data/dgu/csv-from-triplestore/childrens_workforce_development_council-2011-03-31-junior.csv,data/dgu/csv-from-triplestore/childrens_workforce_development_council-2011-03-31-junior.csv,data/dgu/xls-from-triplestore/childrens_workforce_development_council-2011-03-31-organogram.xls,7,68
Coal Authority,2011-03-31,data/dgu/csv-from-triplestore/coal_authority-2011-03-31-junior.csv,data/dgu/csv-from-triplestore/coal_authority-2011-03-31-junior.csv,data/dgu/xls-from-triplestore/coal_authority-2011-03-31-organogram.xls,6,89
Competition Commission,2011-03-31,data/dgu/csv-from-triplestore/competition_commission-2011-03-31-junior.csv,data/dgu/csv-from-triplestore/competition_commission-2011-03-31-junior.csv,data/dgu/xls-from-triplestore/competition_commission-2011-03-31-organogram.xls,20,47
Consumer Council for Water,2011-03-31,data/dgu/csv-from-triplestore/consumer_council_for_water-2011-03-31-junior.csv,data/dgu/csv-from-triplestore/consumer_council_for_water-2011-03-31-junior.csv,data/dgu/xls-from-triplestore/consumer_council_for_water-2011-03-31-organogram.xls,5,20
Council for Healthcare Regulatory Excellence,2011-03-31,data/dgu/csv-from-triplestore/council_for_healthcare_regulatory_excellence-2011-03-31-junior.csv,data/dgu/csv-from-triplestore/council_for_healthcare_regulatory_excellence-2011-03-31-junior.csv,data/dgu/xls-from-triplestore/council_for_healthcare_regulatory_excellence-2011-03-31-organogram.xls,4,8
Criminal Cases Review Commission,2011-03-31,data/dgu/csv-from-triplestore/criminal_cases_review_commission-2011-03-31-junior.csv,data/dgu/csv-from-triplestore/criminal_cases_review_commission-2011-03-31-junior.csv,data/dgu/xls-from-triplestore/criminal_cases_review_commission-2011-03-31-organogram.xls,14,25
Criminal Injuries Compensation Authority,2011-03-31,data/dgu/csv-from-triplestore/criminal_injuries_compensation_authority-2011-03-31-junior.csv,data/dgu/csv-from-triplestore/criminal_injuries_compensation_authority-2011-03-31-junior.csv,data/dgu/xls-from-triplestore/criminal_injuries_compensation_authority-2011-03-31-organogram.xls,2,83
Criminal Records Bureau,2011-03-31,data/dgu/csv-from-triplestore/criminal_records_bureau-2011-03-31-junior.csv,data/dgu/csv-from-triplestore/criminal_records_bureau-2011-03-31-junior.csv,data/dgu/xls-from-triplestore/criminal_records_bureau-2011-03-31-organogram.xls,3,56
Crown Prosecution Service,2011-03-31,data/dgu/csv-from-triplestore/crown_prosecution_service-2011-03-31-junior.csv,data/dgu/csv-from-triplestore/crown_prosecution_service-2011-03-31-junior.csv,data/dgu/xls-from-triplestore/crown_prosecution_service-2011-03-31-organogram.xls,72,1681
Defence Support Group,2011-03-31,data/dgu/csv-from-triplestore/defence_support_group-2011-03-31-junior.csv,data/dgu/csv-from-triplestore/defence_support_group-2011-03-31-junior.csv,data/dgu/xls-from-triplestore/defence_support_group-2011-03-31-organogram.xls,6,26
"Department for Business, Innovation and Skills",2011-03-31,data/dgu/csv-from-triplestore/department_for_business_innovation_and_skills-2011-03-31-junior.csv,data/dgu/csv-from-triplestore/department_for_business_innovation_and_skills-2011-03-31-junior.csv,data/dgu/xls-from-triplestore/department_for_business_innovation_and_skills-2011-03-31-organogram.xls,195,1332
Department for Communities and Local Government,2011-03-31,data/dgu/csv-from-triplestore/department_for_communities_and_local_government-2011-03-31-junior.csv,data/dgu/csv-from-triplestore/department_for_communities_and_local_government-2011-03-31-junior.csv,data/dgu/xls-from-triplestore/department_for_communities_and_local_government-2011-03-31-organogram.xls,99,611
"Department for Culture, Media and Sport",2011-03-31,data/dgu/csv-from-triplestore/department_for_culture_media_and_sport-2011-03-31-junior.csv,data/dgu/csv-from-triplestore/department_for_culture_media_and_sport-2011-03-31-junior.csv,data/dgu/xls-from-triplestore/department_for_culture_media_and_sport-2011-03-31-organogram.xls,0,0
"Department for Environment, Food and Rural Affairs",2011-03-31,data/dgu/csv-from-triplestore/department_for_environment_food_and_rural_affairs-2011-03-31-junior.csv,data/dgu/csv-from-triplestore/department_for_environment_food_and_rural_affairs-2011-03-31-junior.csv,data/dgu/xls-from-triplestore/department_for_environment_food_and_rural_affairs-2011-03-31-organogram.xls,121,952
Department for International Development,2011-03-31,data/dgu/csv-from-triplestore/department_for_international_development-2011-03-31-junior.csv,data/dgu/csv-from-triplestore/department_for_international_development-2011-03-31-junior.csv,data/dgu/xls-from-triplestore/department_for_international_development-2011-03-31-organogram.xls,80,268
Department for Transport,2011-03-31,data/dgu/csv-from-triplestore/department_for_transport-2011-03-31-junior.csv,data/dgu/csv-from-triplestore/department_for_transport-2011-03-31-junior.csv,data/dgu/xls-from-triplestore/department_for_transport-2011-03-31-organogram.xls,117,502
Department for Work and Pensions,2011-03-31,data/dgu/csv-from-triplestore/department_for_work_and_pensions-2011-03-31-junior.csv,data/dgu/csv-from-triplestore/department_for_work_and_pensions-2011-03-31-junior.csv,data/dgu/xls-from-triplestore/department_for_work_and_pensions-2011-03-31-organogram.xls,270,2647
Department of Education,2011-03-31,data/dgu/csv-from-triplestore/department_of_education-2011-03-31-junior.csv,data/dgu/csv-from-triplestore/department_of_education-2011-03-31-junior.csv,data/dgu/xls-from-triplestore/department_of_education-2011-03-31-organogram.xls,126,631
Department of Energy and Climate Change,2011-03-31,data/dgu/csv-from-triplestore/department_of_energy_and_climate_change-2011-03-31-junior.csv,data/dgu/csv-from-triplestore/department_of_energy_and_climate_change-2011-03-31-junior.csv,data/dgu/xls-from-triplestore/department_of_energy_and_climate_change-2011-03-31-organogram.xls,93,364
Department of Health,2011-03-31,data/dgu/csv-from-triplestore/department_of_health-2011-03-31-junior.csv,data/dgu/csv-from-triplestore/department_of_health-2011-03-31-junior.csv,data/dgu/xls-from-triplestore/department_of_health-2011-03-31-organogram.xls,303,1242
Driver and Vehicle Licensing Agency,2011-03-31,data/dgu/csv-from-triplestore/driver_and_vehicle_licensing_agency-2011-03-31-junior.csv,data/dgu/csv-from-triplestore/driver_and_vehicle_licensing_agency-2011-03-31-junior.csv,data/dgu/xls-from-triplestore/driver_and_vehicle_licensing_agency-2011-03-31-organogram.xls,7,57
Driving Standards Agency,2011-03-31,data/dgu/csv-from-triplestore/driving_standards_agency-2011-03-31-junior.csv,data/dgu/csv-from-triplestore/driving_standards_agency-2011-03-31-junior.csv,data/dgu/xls-from-triplestore/driving_standards_agency-2011-03-31-organogram.xls,3,64
Engineering and Physical Sciences Research Council,2011-03-31,data/dgu/csv-from-triplestore/engineering_and_physical_sciences_research_council-2011-03-31-junior.csv,data/dgu/csv-from-triplestore/engineering_and_physical_sciences_research_council-2011-03-31-junior.csv,data/dgu/xls-from-triplestore/engineering_and_physical_sciences_research_council-2011-03-31-organogram.xls,4,53
English Heritage,2011-03-31,data/dgu/csv-from-triplestore/english_heritage-2011-03-31-junior.csv,data/dgu/csv-from-triplestore/english_heritage-2011-03-31-junior.csv,data/dgu/xls-from-triplestore/english_heritage-2011-03-31-organogram.xls,21,191
Environment Agency,2011-03-31,data/dgu/csv-from-triplestore/environment_agency-2011-03-31-junior.csv,data/dgu/csv-from-triplestore/environment_agency-2011-03-31-junior.csv,data/dgu/xls-from-triplestore/environment_agency-2011-03-31-organogram.xls,163,2222
Equality and Human Rights Commission,2011-03-31,data/dgu/csv-from-triplestore/equality_and_human_rights_commission-2011-03-31-junior.csv,data/dgu/csv-from-triplestore/equality_and_human_rights_commission-2011-03-31-junior.csv,data/dgu/xls-from-triplestore/equality_and_human_rights_commission-2011-03-31-organogram.xls,5,223
FCO Services,2011-03-31,data/dgu/csv-from-triplestore/fco_services-2011-03-31-junior.csv,data/dgu/csv-from-triplestore/fco_services-2011-03-31-junior.csv,data/dgu/xls-from-triplestore/fco_services-2011-03-31-organogram.xls,9,146
Foreign and Commonwealth Office,2011-03-31,data/dgu/csv-from-triplestore/foreign_and_commonwealth_office-2011-03-31-junior.csv,data/dgu/csv-from-triplestore/foreign_and_commonwealth_office-2011-03-31-junior.csv,data/dgu/xls-from-triplestore/foreign_and_commonwealth_office-2011-03-31-organogram.xls,119,219
General Social Care Council,2011-03-31,data/dgu/csv-from-triplestore/general_social_care_council-2011-03-31-junior.csv,data/dgu/csv-from-triplestore/general_social_care_council-2011-03-31-junior.csv,data/dgu/xls-from-triplestore/general_social_care_council-2011-03-31-organogram.xls,4,24
Government Car and Despatch Agency,2011-03-31,data/dgu/csv-from-triplestore/government_car_and_despatch_agency-2011-03-31-junior.csv,data/dgu/csv-from-triplestore/government_car_and_despatch_agency-2011-03-31-junior.csv,data/dgu/xls-from-triplestore/government_car_and_despatch_agency-2011-03-31-organogram.xls,0,0
Government Equalities Office,2011-03-31,data/dgu/csv-from-triplestore/government_equalities_office-2011-03-31-junior.csv,data/dgu/csv-from-triplestore/government_equalities_office-2011-03-31-junior.csv,data/dgu/xls-from-triplestore/government_equalities_office-2011-03-31-organogram.xls,8,51
HM Crown Prosecution Service Inspectorate,2011-03-31,data/dgu/csv-from-triplestore/hm_crown_prosecution_service_inspectorate-2011-03-31-junior.csv,data/dgu/csv-from-triplestore/hm_crown_prosecution_service_inspectorate-2011-03-31-junior.csv,data/dgu/xls-from-triplestore/hm_crown_prosecution_service_inspectorate-2011-03-31-organogram.xls,2,15
HM Inspectorate of Constabulary,2011-03-31,data/dgu/csv-from-triplestore/hm_inspectorate_of_constabulary-2011-03-31-junior.csv,data/dgu/csv-from-triplestore/hm_inspectorate_of_constabulary-2011-03-31-junior.csv,data/dgu/xls-from-triplestore/hm_inspectorate_of_constabulary-2011-03-31-organogram.xls,10,82
HM Treasury,2011-03-31,data/dgu/csv-from-triplestore/hm_treasury-2011-03-31-junior.csv,data/dgu/csv-from-triplestore/hm_treasury-2011-03-31-junior.csv,data/dgu/xls-from-triplestore/hm_treasury-2011-03-31-organogram.xls,0,0
Health Protection Agency,2011-03-31,data/dgu/csv-from-triplestore/health_protection_agency-2011-03-31-junior.csv,data/dgu/csv-from-triplestore/health_protection_agency-2011-03-31-junior.csv,data/dgu/xls-from-triplestore/health_protection_agency-2011-03-31-organogram.xls,51,207
Health and Safety Executive,2011-03-31,data/dgu/csv-from-triplestore/health_and_safety_executive-2011-03-31-junior.csv,data/dgu/csv-from-triplestore/health_and_safety_executive-2011-03-31-junior.csv,data/dgu/xls-from-triplestore/health_and_safety_executive-2011-03-31-organogram.xls,47,817
Her Majesty's Revenue and Customs,2011-03-31,data/dgu/csv-from-triplestore/her_majestys_revenue_and_customs-2011-03-31-junior.csv,data/dgu/csv-from-triplestore/her_majestys_revenue_and_customs-2011-03-31-junior.csv,data/dgu/xls-from-triplestore/her_majestys_revenue_and_customs-2011-03-31-organogram.xls,346,5792
Higher Education Funding Council for England,2011-03-31,data/dgu/csv-from-triplestore/higher_education_funding_council_for_england-2011-03-31-junior.csv,data/dgu/csv-from-triplestore/higher_education_funding_council_for_england-2011-03-31-junior.csv,data/dgu/xls-from-triplestore/higher_education_funding_council_for_england-2011-03-31-organogram.xls,4,82
Highways Agency,2011-03-31,data/dgu/csv-from-triplestore/highways_agency-2011-03-31-junior.csv,data/dgu/csv-from-triplestore/highways_agency-2011-03-31-junior.csv,data/dgu/xls-from-triplestore/highways_agency-2011-03-31-organogram.xls,30,237
Home Office,2011-03-31,data/dgu/csv-from-triplestore/home_office-2011-03-31-junior.csv,data/dgu/csv-from-triplestore/home_office-2011-03-31-junior.csv,data/dgu/xls-from-triplestore/home_office-2011-03-31-organogram.xls,125,706
Homes and Communities Agency,2011-03-31,data/dgu/csv-from-triplestore/homes_and_communities_agency-2011-03-31-junior.csv,data/dgu/csv-from-triplestore/homes_and_communities_agency-2011-03-31-junior.csv,data/dgu/xls-from-triplestore/homes_and_communities_agency-2011-03-31-organogram.xls,10,152
Horniman Public Museum & Public Park Trust,2011-03-31,data/dgu/csv-from-triplestore/horniman_public_museum_public_park_trust-2011-03-31-junior.csv,data/dgu/csv-from-triplestore/horniman_public_museum_public_park_trust-2011-03-31-junior.csv,data/dgu/xls-from-triplestore/horniman_public_museum_public_park_trust-2011-03-31-organogram.xls,1,26
Human Tissue Authority,2011-03-31,data/dgu/csv-from-triplestore/human_tissue_authority-2011-03-31-junior.csv,data/dgu/csv-from-triplestore/human_tissue_authority-2011-03-31-junior.csv,data/dgu/xls-from-triplestore/human_tissue_authority-2011-03-31-organogram.xls,5,15
Identity & Passport Service,2011-03-31,data/dgu/csv-from-triplestore/identity_passport_service-2011-03-31-junior.csv,data/dgu/csv-from-triplestore/identity_passport_service-2011-03-31-junior.csv,data/dgu/xls-from-triplestore/identity_passport_service-2011-03-31-organogram.xls,14,63
Independent Housing Ombudsman,2011-03-31,data/dgu/csv-from-triplestore/independent_housing_ombudsman-2011-03-31-junior.csv,data/dgu/csv-from-triplestore/independent_housing_ombudsman-2011-03-31-junior.csv,data/dgu/xls-from-triplestore/independent_housing_ombudsman-2011-03-31-organogram.xls,4,14
Independent Living Fund,2011-03-31,data/dgu/csv-from-triplestore/independent_living_fund-2011-03-31-junior.csv,data/dgu/csv-from-triplestore/independent_living_fund-2011-03-31-junior.csv,data/dgu/xls-from-triplestore/independent_living_fund-2011-03-31-organogram.xls,3,57
Independent Police Complaints Commission,2011-03-31,data/dgu/csv-from-triplestore/independent_police_complaints_commission-2011-03-31-junior.csv,data/dgu/csv-from-triplestore/independent_police_complaints_commission-2011-03-31-junior.csv,data/dgu/xls-from-triplestore/independent_police_complaints_commission-2011-03-31-organogram.xls,6,120
Independent Safeguarding Authority,2011-03-31,data/dgu/csv-from-triplestore/independent_safeguarding_authority-2011-03-31-junior.csv,data/dgu/csv-from-triplestore/independent_safeguarding_authority-2011-03-31-junior.csv,data/dgu/xls-from-triplestore/independent_safeguarding_authority-2011-03-31-organogram.xls,3,51
Information Commissioner's Office,2011-03-31,data/dgu/csv-from-triplestore/information_commissioners_office-2011-03-31-junior.csv,data/dgu/csv-from-triplestore/information_commissioners_office-2011-03-31-junior.csv,data/dgu/xls-from-triplestore/information_commissioners_office-2011-03-31-organogram.xls,6,91
Infrastructure Planning Commission,2011-03-31,data/dgu/csv-from-triplestore/infrastructure_planning_commission-2011-03-31-junior.csv,data/dgu/csv-from-triplestore/infrastructure_planning_commission-2011-03-31-junior.csv,data/dgu/xls-from-triplestore/infrastructure_planning_commission-2011-03-31-organogram.xls,14,30
Intellectual Property Office,2011-03-31,data/dgu/csv-from-triplestore/intellectual_property_office-2011-03-31-junior.csv,data/dgu/csv-from-triplestore/intellectual_property_office-2011-03-31-junior.csv,data/dgu/xls-from-triplestore/intellectual_property_office-2011-03-31-organogram.xls,8,122
Joint Nature Conservation Committee,2011-03-31,data/dgu/csv-from-triplestore/joint_nature_conservation_committee-2011-03-31-junior.csv,data/dgu/csv-from-triplestore/joint_nature_conservation_committee-2011-03-31-junior.csv,data/dgu/xls-from-triplestore/joint_nature_conservation_committee-2011-03-31-organogram.xls,1,55
Judicial Appointments Commission,2011-03-31,data/dgu/csv-from-triplestore/judicial_appointments_commission-2011-03-31-junior.csv,data/dgu/csv-from-triplestore/judicial_appointments_commission-2011-03-31-junior.csv,data/dgu/xls-from-triplestore/judicial_appointments_commission-2011-03-31-organogram.xls,5,10
Land Registry,2011-03-31,data/dgu/csv-from-triplestore/land_registry-2011-03-31-junior.csv,data/dgu/csv-from-triplestore/land_registry-2011-03-31-junior.csv,data/dgu/xls-from-triplestore/land_registry-2011-03-31-organogram.xls,25,89
Leasehold Advisory Service,2011-03-31,data/dgu/csv-from-triplestore/leasehold_advisory_service-2011-03-31-junior.csv,data/dgu/csv-from-triplestore/leasehold_advisory_service-2011-03-31-junior.csv,data/dgu/xls-from-triplestore/leasehold_advisory_service-2011-03-31-organogram.xls,1,2
Legal Services Board,2011-03-31,data/dgu/csv-from-triplestore/legal_services_board-2011-03-31-junior.csv,data/dgu/csv-from-triplestore/legal_services_board-2011-03-31-junior.csv,data/dgu/xls-from-triplestore/legal_services_board-2011-03-31-organogram.xls,6,16
Legal Services Commission,2011-03-31,data/dgu/csv-from-triplestore/legal_services_commission-2011-03-31-junior.csv,data/dgu/csv-from-triplestore/legal_services_commission-2011-03-31-junior.csv,data/dgu/xls-from-triplestore/legal_services_commission-2011-03-31-organogram.xls,13,200
London Thames Gateway Development Corporation,2011-03-31,data/dgu/csv-from-triplestore/london_thames_gateway_development_corporation-2011-03-31-junior.csv,data/dgu/csv-from-triplestore/london_thames_gateway_development_corporation-2011-03-31-junior.csv,data/dgu/xls-from-triplestore/london_thames_gateway_development_corporation-2011-03-31-organogram.xls,8,9
Marine Management Organisation,2011-03-31,data/dgu/csv-from-triplestore/marine_management_organisation-2011-03-31-junior.csv,data/dgu/csv-from-triplestore/marine_management_organisation-2011-03-31-junior.csv,data/dgu/xls-from-triplestore/marine_management_organisation-2011-03-31-organogram.xls,4,28
Maritime and Coastguard Agency,2011-03-31,data/dgu/csv-from-triplestore/maritime_and_coastguard_agency-2011-03-31-junior.csv,data/dgu/csv-from-triplestore/maritime_and_coastguard_agency-2011-03-31-junior.csv,data/dgu/xls-from-triplestore/maritime_and_coastguard_agency-2011-03-31-organogram.xls,4,82
Medical Research Council,2011-03-31,data/dgu/csv-from-triplestore/medical_research_council-2011-03-31-junior.csv,data/dgu/csv-from-triplestore/medical_research_council-2011-03-31-junior.csv,data/dgu/xls-from-triplestore/medical_research_council-2011-03-31-organogram.xls,42,307
Met Office,2011-03-31,data/dgu/csv-from-triplestore/met_office-2011-03-31-junior.csv,data/dgu/csv-from-triplestore/met_office-2011-03-31-junior.csv,data/dgu/xls-from-triplestore/met_office-2011-03-31-organogram.xls,10,228
Ministry of Defence,2011-03-31,data/dgu/csv-from-triplestore/ministry_of_defence-2011-03-31-junior.csv,data/dgu/csv-from-triplestore/ministry_of_defence-2011-03-31-junior.csv,data/dgu/xls-from-triplestore/ministry_of_defence-2011-03-31-organogram.xls,616,11421
Ministry of Justice,2011-03-31,data/dgu/csv-from-triplestore/ministry_of_justice-2011-03-31-junior.csv,data/dgu/csv-from-triplestore/ministry_of_justice-2011-03-31-junior.csv,data/dgu/xls-from-triplestore/ministry_of_justice-2011-03-31-organogram.xls,171,781
Monitor,2011-03-31,data/dgu/csv-from-triplestore/monitor-2011-03-31-junior.csv,data/dgu/csv-from-triplestore/monitor-2011-03-31-junior.csv,data/dgu/xls-from-triplestore/monitor-2011-03-31-organogram.xls,9,26
NHS Blood and Transplant,2011-03-31,data/dgu/csv-from-triplestore/nhs_blood_and_transplant-2011-03-31-junior.csv,data/dgu/csv-from-triplestore/nhs_blood_and_transplant-2011-03-31-junior.csv,data/dgu/xls-from-triplestore/nhs_blood_and_transplant-2011-03-31-organogram.xls,54,94
NHS Information Centre for Health and Social Care,2011-03-31,data/dgu/csv-from-triplestore/nhs_information_centre_for_health_and_social_care-2011-03-31-junior.csv,data/dgu/csv-from-triplestore/nhs_information_centre_for_health_and_social_care-2011-03-31-junior.csv,data/dgu/xls-from-triplestore/nhs_information_centre_for_health_and_social_care-2011-03-31-organogram.xls,28,103
NHS Litigation Authority,2011-03-31,data/dgu/csv-from-triplestore/nhs_litigation_authority-2011-03-31-junior.csv,data/dgu/csv-from-triplestore/nhs_litigation_authority-2011-03-31-junior.csv,data/dgu/xls-from-triplestore/nhs_litigation_authority-2011-03-31-organogram.xls,6,33
National Army Museum,2011-03-31,data/dgu/csv-from-triplestore/national_army_museum-2011-03-31-junior.csv,data/dgu/csv-from-triplestore/national_army_museum-2011-03-31-junior.csv,data/dgu/xls-from-triplestore/national_army_museum-2011-03-31-organogram.xls,5,33
National College for Leadership of Schools and Children's Services,2011-03-31,data/dgu/csv-from-triplestore/national_college_for_leadership_of_schools_and_childrens_services-2011-03-31-junior.csv,data/dgu/csv-from-triplestore/national_college_for_leadership_of_schools_and_childrens_services-2011-03-31-junior.csv,data/dgu/xls-from-triplestore/national_college_for_leadership_of_schools_and_childrens_services-2011-03-31-organogram.xls,22,163
National Heritage Memorial Fund,2011-03-31,data/dgu/csv-from-triplestore/national_heritage_memorial_fund-2011-03-31-junior.csv,data/dgu/csv-from-triplestore/national_heritage_memorial_fund-2011-03-31-junior.csv,data/dgu/xls-from-triplestore/national_heritage_memorial_fund-2011-03-31-organogram.xls,4,40
National Institute for Health and Care Excellence,2011-03-31,data/dgu/csv-from-triplestore/national_institute_for_health_and_care_excellence-2011-03-31-junior.csv,data/dgu/csv-from-triplestore/national_institute_for_health_and_care_excellence-2011-03-31-junior.csv,data/dgu/xls-from-triplestore/national_institute_for_health_and_care_excellence-2011-03-31-organogram.xls,16,259
National Lottery Commission,2011-03-31,data/dgu/csv-from-triplestore/national_lottery_commission-2011-03-31-junior.csv,data/dgu/csv-from-triplestore/national_lottery_commission-2011-03-31-junior.csv,data/dgu/xls-from-triplestore/national_lottery_commission-2011-03-31-organogram.xls,5,25
National Measurement Office,2011-03-31,data/dgu/csv-from-triplestore/national_measurement_office-2011-03-31-junior.csv,data/dgu/csv-from-triplestore/national_measurement_office-2011-03-31-junior.csv,data/dgu/xls-from-triplestore/national_measurement_office-2011-03-31-organogram.xls,1,3
National Museum of Science and Industry,2011-03-31,data/dgu/csv-from-triplestore/national_museum_of_science_and_industry-2011-03-31-junior.csv,data/dgu/csv-from-triplestore/national_museum_of_science_and_industry-2011-03-31-junior.csv,data/dgu/xls-from-triplestore/national_museum_of_science_and_industry-2011-03-31-organogram.xls,10,252
National Museums Liverpool,2011-03-31,data/dgu/csv-from-triplestore/national_museums_liverpool-2011-03-31-junior.csv,data/dgu/csv-from-triplestore/national_museums_liverpool-2011-03-31-junior.csv,data/dgu/xls-from-triplestore/national_museums_liverpool-2011-03-31-organogram.xls,7,148
National Offender Management Service,2011-03-31,data/dgu/csv-from-triplestore/national_offender_management_service-2011-03-31-junior.csv,data/dgu/csv-from-triplestore/national_offender_management_service-2011-03-31-junior.csv,data/dgu/xls-from-triplestore/national_offender_management_service-2011-03-31-organogram.xls,85,4214
National Patient Safety Agency,2011-03-31,data/dgu/csv-from-triplestore/national_patient_safety_agency-2011-03-31-junior.csv,data/dgu/csv-from-triplestore/national_patient_safety_agency-2011-03-31-junior.csv,data/dgu/xls-from-triplestore/national_patient_safety_agency-2011-03-31-organogram.xls,5,48
National Policing Improvement Agency,2011-03-31,data/dgu/csv-from-triplestore/national_policing_improvement_agency-2011-03-31-junior.csv,data/dgu/csv-from-triplestore/national_policing_improvement_agency-2011-03-31-junior.csv,data/dgu/xls-from-triplestore/national_policing_improvement_agency-2011-03-31-organogram.xls,31,810
Natural England,2011-03-31,data/dgu/csv-from-triplestore/natural_england-2011-03-31-junior.csv,data/dgu/csv-from-triplestore/natural_england-2011-03-31-junior.csv,data/dgu/xls-from-triplestore/natural_england-2011-03-31-organogram.xls,24,234
Natural History Museum,2011-03-31,data/dgu/csv-from-triplestore/natural_history_museum-2011-03-31-junior.csv,data/dgu/csv-from-triplestore/natural_history_museum-2011-03-31-junior.csv,data/dgu/xls-from-triplestore/natural_history_museum-2011-03-31-organogram.xls,4,157
Northern Ireland Human Rights Commission,2011-03-31,data/dgu/csv-from-triplestore/northern_ireland_human_rights_commission-2011-03-31-junior.csv,data/dgu/csv-from-triplestore/northern_ireland_human_rights_commission-2011-03-31-junior.csv,data/dgu/xls-from-triplestore/northern_ireland_human_rights_commission-2011-03-31-organogram.xls,1,5
Northern Ireland Office,2011-03-31,data/dgu/csv-from-triplestore/northern_ireland_office-2011-03-31-junior.csv,data/dgu/csv-from-triplestore/northern_ireland_office-2011-03-31-junior.csv,data/dgu/xls-from-triplestore/northern_ireland_office-2011-03-31-organogram.xls,8,26
"Office for Standards in Education, Children's Services and Skills",2011-03-31,data/dgu/csv-from-triplestore/office_for_standards_in_education_childrens_services_and_skills-2011-03-31-junior.csv,data/dgu/csv-from-triplestore/office_for_standards_in_education_childrens_services_and_skills-2011-03-31-junior.csv,data/dgu/xls-from-triplestore/office_for_standards_in_education_childrens_services_and_skills-2011-03-31-organogram.xls,37,171
Office of Qualifications and Examinations Regulation,2011-03-31,data/dgu/csv-from-triplestore/office_of_qualifications_and_examinations_regulation-2011-03-31-junior.csv,data/dgu/csv-from-triplestore/office_of_qualifications_and_examinations_regulation-2011-03-31-junior.csv,data/dgu/xls-from-triplestore/office_of_qualifications_and_examinations_regulation-2011-03-31-organogram.xls,5,24
Office of the Children's Commissioner,2011-03-31,data/dgu/csv-from-triplestore/office_of_the_childrens_commissioner-2011-03-31-junior.csv,data/dgu/csv-from-triplestore/office_of_the_childrens_commissioner-2011-03-31-junior.csv,data/dgu/xls-from-triplestore/office_of_the_childrens_commissioner-2011-03-31-organogram.xls,5,19
Office of the Immigration Services Commissioner,2011-03-31,data/dgu/csv-from-triplestore/office_of_the_immigration_services_commissioner-2011-03-31-junior.csv,data/dgu/csv-from-triplestore/office_of_the_immigration_services_commissioner-2011-03-31-junior.csv,data/dgu/xls-from-triplestore/office_of_the_immigration_services_commissioner-2011-03-31-organogram.xls,1,15
Ofsted,2011-03-31,data/dgu/csv-from-triplestore/ofsted-2011-03-31-junior.csv,data/dgu/csv-from-triplestore/ofsted-2011-03-31-junior.csv,data/dgu/xls-from-triplestore/ofsted-2011-03-31-organogram.xls,37,171
Olympic Delivery Authority,2011-03-31,data/dgu/csv-from-triplestore/olympic_delivery_authority-2011-03-31-junior.csv,data/dgu/csv-from-triplestore/olympic_delivery_authority-2011-03-31-junior.csv,data/dgu/xls-from-triplestore/olympic_delivery_authority-2011-03-31-organogram.xls,32,133
Ordnance Survey,2011-03-31,data/dgu/csv-from-triplestore/ordnance_survey-2011-03-31-junior.csv,data/dgu/csv-from-triplestore/ordnance_survey-2011-03-31-junior.csv,data/dgu/xls-from-triplestore/ordnance_survey-2011-03-31-organogram.xls,6,205
Parades Commission for Northern Ireland,2011-03-31,data/dgu/csv-from-triplestore/parades_commission_for_northern_ireland-2011-03-31-junior.csv,data/dgu/csv-from-triplestore/parades_commission_for_northern_ireland-2011-03-31-junior.csv,data/dgu/xls-from-triplestore/parades_commission_for_northern_ireland-2011-03-31-organogram.xls,1,6
Parole Board,2011-03-31,data/dgu/csv-from-triplestore/parole_board-2011-03-31-junior.csv,data/dgu/csv-from-triplestore/parole_board-2011-03-31-junior.csv,data/dgu/xls-from-triplestore/parole_board-2011-03-31-organogram.xls,2,48
Public Lending Right,2011-03-31,data/dgu/csv-from-triplestore/public_lending_right-2011-03-31-junior.csv,data/dgu/csv-from-triplestore/public_lending_right-2011-03-31-junior.csv,data/dgu/xls-from-triplestore/public_lending_right-2011-03-31-organogram.xls,1,11
Qualifications and Curriculum Development Agency,2011-03-31,data/dgu/csv-from-triplestore/qualifications_and_curriculum_development_agency-2011-03-31-junior.csv,data/dgu/csv-from-triplestore/qualifications_and_curriculum_development_agency-2011-03-31-junior.csv,data/dgu/xls-from-triplestore/qualifications_and_curriculum_development_agency-2011-03-31-organogram.xls,12,52
Royal Air Force Museum,2011-03-31,data/dgu/csv-from-triplestore/royal_air_force_museum-2011-03-31-junior.csv,data/dgu/csv-from-triplestore/royal_air_force_museum-2011-03-31-junior.csv,data/dgu/xls-from-triplestore/royal_air_force_museum-2011-03-31-organogram.xls,3,33
Rural Payments Agency,2011-03-31,data/dgu/csv-from-triplestore/rural_payments_agency-2011-03-31-junior.csv,data/dgu/csv-from-triplestore/rural_payments_agency-2011-03-31-junior.csv,data/dgu/xls-from-triplestore/rural_payments_agency-2011-03-31-organogram.xls,9,126
Science and Technology Facilities Council,2011-03-31,data/dgu/csv-from-triplestore/science_and_technology_facilities_council-2011-03-31-junior.csv,data/dgu/csv-from-triplestore/science_and_technology_facilities_council-2011-03-31-junior.csv,data/dgu/xls-from-triplestore/science_and_technology_facilities_council-2011-03-31-organogram.xls,39,347
Scotland Office,2011-03-31,data/dgu/csv-from-triplestore/scotland_office-2011-03-31-junior.csv,data/dgu/csv-from-triplestore/scotland_office-2011-03-31-junior.csv,data/dgu/xls-from-triplestore/scotland_office-2011-03-31-organogram.xls,4,56
Scottish Government,2011-03-31,data/dgu/csv-from-triplestore/scottish_government-2011-03-31-junior.csv,data/dgu/csv-from-triplestore/scottish_government-2011-03-31-junior.csv,data/dgu/xls-from-triplestore/scottish_government-2011-03-31-organogram.xls,216,1042
Scottish Law Commission,2011-03-31,data/dgu/csv-from-triplestore/scottish_law_commission-2011-03-31-junior.csv,data/dgu/csv-from-triplestore/scottish_law_commission-2011-03-31-junior.csv,data/dgu/xls-from-triplestore/scottish_law_commission-2011-03-31-organogram.xls,1,0
Security Industry Authority,2011-03-31,data/dgu/csv-from-triplestore/security_industry_authority-2011-03-31-junior.csv,data/dgu/csv-from-triplestore/security_industry_authority-2011-03-31-junior.csv,data/dgu/xls-from-triplestore/security_industry_authority-2011-03-31-organogram.xls,4,67
Serious Fraud Office,2011-03-31,data/dgu/csv-from-triplestore/serious_fraud_office-2011-03-31-junior.csv,data/dgu/csv-from-triplestore/serious_fraud_office-2011-03-31-junior.csv,data/dgu/xls-from-triplestore/serious_fraud_office-2011-03-31-organogram.xls,10,112
Serious Organised Crime Agency,2011-03-31,data/dgu/csv-from-triplestore/serious_organised_crime_agency-2011-03-31-junior.csv,data/dgu/csv-from-triplestore/serious_organised_crime_agency-2011-03-31-junior.csv,data/dgu/xls-from-triplestore/serious_organised_crime_agency-2011-03-31-organogram.xls,6,43
Sport England,2011-03-31,data/dgu/csv-from-triplestore/sport_england-2011-03-31-junior.csv,data/dgu/csv-from-triplestore/sport_england-2011-03-31-junior.csv,data/dgu/xls-from-triplestore/sport_england-2011-03-31-organogram.xls,8,83
Standards Board for England,2011-03-31,data/dgu/csv-from-triplestore/standards_board_for_england-2011-03-31-junior.csv,data/dgu/csv-from-triplestore/standards_board_for_england-2011-03-31-junior.csv,data/dgu/xls-from-triplestore/standards_board_for_england-2011-03-31-organogram.xls,4,26
Tate,2011-03-31,data/dgu/csv-from-triplestore/tate-2011-03-31-junior.csv,data/dgu/csv-from-triplestore/tate-2011-03-31-junior.csv,data/dgu/xls-from-triplestore/tate-2011-03-31-organogram.xls,6,28
Tenant Services Authority,2011-03-31,data/dgu/csv-from-triplestore/tenant_services_authority-2011-03-31-junior.csv,data/dgu/csv-from-triplestore/tenant_services_authority-2011-03-31-junior.csv,data/dgu/xls-from-triplestore/tenant_services_authority-2011-03-31-organogram.xls,8,82
The British Library,2011-03-31,data/dgu/csv-from-triplestore/the_british_library-2011-03-31-junior.csv,data/dgu/csv-from-triplestore/the_british_library-2011-03-31-junior.csv,data/dgu/xls-from-triplestore/the_british_library-2011-03-31-organogram.xls,45,153
The British Museum,2011-03-31,data/dgu/csv-from-triplestore/the_british_museum-2011-03-31-junior.csv,data/dgu/csv-from-triplestore/the_british_museum-2011-03-31-junior.csv,data/dgu/xls-from-triplestore/the_british_museum-2011-03-31-organogram.xls,7,76
The Geffrye Museum,2011-03-31,data/dgu/csv-from-triplestore/the_geffrye_museum-2011-03-31-junior.csv,data/dgu/csv-from-triplestore/the_geffrye_museum-2011-03-31-junior.csv,data/dgu/xls-from-triplestore/the_geffrye_museum-2011-03-31-organogram.xls,1,21
The Insolvency Service,2011-03-31,data/dgu/csv-from-triplestore/the_insolvency_service-2011-03-31-junior.csv,data/dgu/csv-from-triplestore/the_insolvency_service-2011-03-31-junior.csv,data/dgu/xls-from-triplestore/the_insolvency_service-2011-03-31-organogram.xls,5,102
The National Archives,2011-03-31,data/dgu/csv-from-triplestore/the_national_archives-2011-03-31-junior.csv,data/dgu/csv-from-triplestore/the_national_archives-2011-03-31-junior.csv,data/dgu/xls-from-triplestore/the_national_archives-2011-03-31-organogram.xls,7,214
The National Gallery,2011-03-31,data/dgu/csv-from-triplestore/the_national_gallery-2011-03-31-junior.csv,data/dgu/csv-from-triplestore/the_national_gallery-2011-03-31-junior.csv,data/dgu/xls-from-triplestore/the_national_gallery-2011-03-31-organogram.xls,7,108
The Northern Lighthouse Board,2011-03-31,data/dgu/csv-from-triplestore/the_northern_lighthouse_board-2011-03-31-junior.csv,data/dgu/csv-from-triplestore/the_northern_lighthouse_board-2011-03-31-junior.csv,data/dgu/xls-from-triplestore/the_northern_lighthouse_board-2011-03-31-organogram.xls,4,87
The Pensions Regulator,2011-03-31,data/dgu/csv-from-triplestore/the_pensions_regulator-2011-03-31-junior.csv,data/dgu/csv-from-triplestore/the_pensions_regulator-2011-03-31-junior.csv,data/dgu/xls-from-triplestore/the_pensions_regulator-2011-03-31-organogram.xls,64,66
Thurrock Thames Gateway Development Corporation,2011-03-31,data/dgu/csv-from-triplestore/thurrock_thames_gateway_development_corporation-2011-03-31-junior.csv,data/dgu/csv-from-triplestore/thurrock_thames_gateway_development_corporation-2011-03-31-junior.csv,data/dgu/xls-from-triplestore/thurrock_thames_gateway_development_corporation-2011-03-31-organogram.xls,4,23
Training and Development Agency for Schools,2011-03-31,data/dgu/csv-from-triplestore/training_and_development_agency_for_schools-2011-03-31-junior.csv,data/dgu/csv-from-triplestore/training_and_development_agency_for_schools-2011-03-31-junior.csv,data/dgu/xls-from-triplestore/training_and_development_agency_for_schools-2011-03-31-organogram.xls,14,52
Treasury Solicitor's Department,2011-03-31,data/dgu/csv-from-triplestore/treasury_solicitors_department-2011-03-31-junior.csv,data/dgu/csv-from-triplestore/treasury_solicitors_department-2011-03-31-junior.csv,data/dgu/xls-from-triplestore/treasury_solicitors_department-2011-03-31-organogram.xls,61,203
UK Border Agency,2011-03-31,data/dgu/csv-from-triplestore/uk_border_agency-2011-03-31-junior.csv,data/dgu/csv-from-triplestore/uk_border_agency-2011-03-31-junior.csv,data/dgu/xls-from-triplestore/uk_border_agency-2011-03-31-organogram.xls,81,486
UK Debt Management Office,2011-03-31,data/dgu/csv-from-triplestore/uk_debt_management_office-2011-03-31-junior.csv,data/dgu/csv-from-triplestore/uk_debt_management_office-2011-03-31-junior.csv,data/dgu/xls-from-triplestore/uk_debt_management_office-2011-03-31-organogram.xls,4,88
UK Sport,2011-03-31,data/dgu/csv-from-triplestore/uk_sport-2011-03-31-junior.csv,data/dgu/csv-from-triplestore/uk_sport-2011-03-31-junior.csv,data/dgu/xls-from-triplestore/uk_sport-2011-03-31-organogram.xls,6,48
UK Supreme Court,2011-03-31,data/dgu/csv-from-triplestore/uk_supreme_court-2011-03-31-junior.csv,data/dgu/csv-from-triplestore/uk_supreme_court-2011-03-31-junior.csv,data/dgu/xls-from-triplestore/uk_supreme_court-2011-03-31-organogram.xls,2,29
United Kingdom Atomic Energy Authority,2011-03-31,data/dgu/csv-from-triplestore/united_kingdom_atomic_energy_authority-2011-03-31-junior.csv,data/dgu/csv-from-triplestore/united_kingdom_atomic_energy_authority-2011-03-31-junior.csv,data/dgu/xls-from-triplestore/united_kingdom_atomic_energy_authority-2011-03-31-organogram.xls,10,287
Valuation Office Agency,2011-03-31,data/dgu/csv-from-triplestore/valuation_office_agency-2011-03-31-junior.csv,data/dgu/csv-from-triplestore/valuation_office_agency-2011-03-31-junior.csv,data/dgu/xls-from-triplestore/valuation_office_agency-2011-03-31-organogram.xls,11,4104
Vehicle Certification Agency,2011-03-31,data/dgu/csv-from-triplestore/vehicle_certification_agency-2011-03-31-junior.csv,data/dgu/csv-from-triplestore/vehicle_certification_agency-2011-03-31-junior.csv,data/dgu/xls-from-triplestore/vehicle_certification_agency-2011-03-31-organogram.xls,1,13
Vehicle and Operator Services Agency,2011-03-31,data/dgu/csv-from-triplestore/vehicle_and_operator_services_agency-2011-03-31-junior.csv,data/dgu/csv-from-triplestore/vehicle_and_operator_services_agency-2011-03-31-junior.csv,data/dgu/xls-from-triplestore/vehicle_and_operator_services_agency-2011-03-31-organogram.xls,3,45
Veterinary Medicines Directorate,2011-03-31,data/dgu/csv-from-triplestore/veterinary_medicines_directorate-2011-03-31-junior.csv,data/dgu/csv-from-triplestore/veterinary_medicines_directorate-2011-03-31-junior.csv,data/dgu/xls-from-triplestore/veterinary_medicines_directorate-2011-03-31-organogram.xls,3,31
Victoria & Albert Museum,2011-03-31,data/dgu/csv-from-triplestore/victoria_albert_museum-2011-03-31-junior.csv,data/dgu/csv-from-triplestore/victoria_albert_museum-2011-03-31-junior.csv,data/dgu/xls-from-triplestore/victoria_albert_museum-2011-03-31-organogram.xls,5,37
Wales Office,2011-03-31,data/dgu/csv-from-triplestore/wales_office-2011-03-31-junior.csv,data/dgu/csv-from-triplestore/wales_office-2011-03-31-junior.csv,data/dgu/xls-from-triplestore/wales_office-2011-03-31-organogram.xls,4,37
West Northamptonshire Development Corporation,2011-03-31,data/dgu/csv-from-triplestore/west_northamptonshire_development_corporation-2011-03-31-junior.csv,data/dgu/csv-from-triplestore/west_northamptonshire_development_corporation-2011-03-31-junior.csv,data/dgu/xls-from-triplestore/west_northamptonshire_development_corporation-2011-03-31-organogram.xls,5,29
Youth Justice Board,2011-03-31,data/dgu/csv-from-triplestore/youth_justice_board-2011-03-31-junior.csv,data/dgu/csv-from-triplestore/youth_justice_board-2011-03-31-junior.csv,data/dgu/xls-from-triplestore/youth_justice_board-2011-03-31-organogram.xls,15,182
"Advisory, Conciliation and Arbitration Service",2011-09-30,data/dgu/csv-from-triplestore/advisory_conciliation_and_arbitration_service-2011-09-30-junior.csv,data/dgu/csv-from-triplestore/advisory_conciliation_and_arbitration_service-2011-09-30-junior.csv,data/dgu/xls-from-triplestore/advisory_conciliation_and_arbitration_service-2011-09-30-organogram.xls,4,293
Animal Health and Veterinary Laboratories Agency,2011-09-30,data/dgu/csv-from-triplestore/animal_health_and_veterinary_laboratories_agency-2011-09-30-junior.csv,data/dgu/csv-from-triplestore/animal_health_and_veterinary_laboratories_agency-2011-09-30-junior.csv,data/dgu/xls-from-triplestore/animal_health_and_veterinary_laboratories_agency-2011-09-30-organogram.xls,11,226
Appointments Commission,2011-09-30,data/dgu/csv-from-triplestore/appointments_commission-2011-09-30-junior.csv,data/dgu/csv-from-triplestore/appointments_commission-2011-09-30-junior.csv,data/dgu/xls-from-triplestore/appointments_commission-2011-09-30-organogram.xls,3,11
Arts and Humanities Research Council,2011-09-30,data/dgu/csv-from-triplestore/arts_and_humanities_research_council-2011-09-30-junior.csv,data/dgu/csv-from-triplestore/arts_and_humanities_research_council-2011-09-30-junior.csv,data/dgu/xls-from-triplestore/arts_and_humanities_research_council-2011-09-30-organogram.xls,4,11
Asset Protection Agency,2011-09-30,data/dgu/csv-from-triplestore/asset_protection_agency-2011-09-30-junior.csv,data/dgu/csv-from-triplestore/asset_protection_agency-2011-09-30-junior.csv,data/dgu/xls-from-triplestore/asset_protection_agency-2011-09-30-organogram.xls,17,8
Attorney General's Office,2011-09-30,data/dgu/csv-from-triplestore/attorney_generals_office-2011-09-30-junior.csv,data/dgu/csv-from-triplestore/attorney_generals_office-2011-09-30-junior.csv,data/dgu/xls-from-triplestore/attorney_generals_office-2011-09-30-organogram.xls,5,18
Audit Commission,2011-09-30,data/dgu/csv-from-triplestore/audit_commission-2011-09-30-junior.csv,data/dgu/csv-from-triplestore/audit_commission-2011-09-30-junior.csv,data/dgu/xls-from-triplestore/audit_commission-2011-09-30-organogram.xls,23,114
Biotechnology and Biological Sciences Research Council,2011-09-30,data/dgu/csv-from-triplestore/biotechnology_and_biological_sciences_research_council-2011-09-30-junior.csv,data/dgu/csv-from-triplestore/biotechnology_and_biological_sciences_research_council-2011-09-30-junior.csv,data/dgu/xls-from-triplestore/biotechnology_and_biological_sciences_research_council-2011-09-30-organogram.xls,24,308
Boundary Commission for Scotland,2011-09-30,data/dgu/csv-from-triplestore/boundary_commission_for_scotland-2011-09-30-junior.csv,data/dgu/csv-from-triplestore/boundary_commission_for_scotland-2011-09-30-junior.csv,data/dgu/xls-from-triplestore/boundary_commission_for_scotland-2011-09-30-organogram.xls,3,5
British Tourist Authority,2011-09-30,data/dgu/csv-from-triplestore/british_tourist_authority-2011-09-30-junior.csv,data/dgu/csv-from-triplestore/british_tourist_authority-2011-09-30-junior.csv,data/dgu/xls-from-triplestore/british_tourist_authority-2011-09-30-organogram.xls,5,16
British Transport Police Authority,2011-09-30,data/dgu/csv-from-triplestore/british_transport_police_authority-2011-09-30-junior.csv,data/dgu/csv-from-triplestore/british_transport_police_authority-2011-09-30-junior.csv,data/dgu/xls-from-triplestore/british_transport_police_authority-2011-09-30-organogram.xls,17,8
Cabinet Office,2011-09-30,data/dgu/csv-from-triplestore/cabinet_office-2011-09-30-junior.csv,data/dgu/csv-from-triplestore/cabinet_office-2011-09-30-junior.csv,data/dgu/xls-from-triplestore/cabinet_office-2011-09-30-organogram.xls,235,629
Capital For Enterprise Ltd,2011-09-30,data/dgu/csv-from-triplestore/capital_for_enterprise_ltd-2011-09-30-junior.csv,data/dgu/csv-from-triplestore/capital_for_enterprise_ltd-2011-09-30-junior.csv,data/dgu/xls-from-triplestore/capital_for_enterprise_ltd-2011-09-30-organogram.xls,7,9
Care Quality Commission,2011-09-30,data/dgu/csv-from-triplestore/care_quality_commission-2011-09-30-junior.csv,data/dgu/csv-from-triplestore/care_quality_commission-2011-09-30-junior.csv,data/dgu/xls-from-triplestore/care_quality_commission-2011-09-30-organogram.xls,44,311
"Centre for Environment, Fisheries & Aquaculture Science",2011-09-30,data/dgu/csv-from-triplestore/centre_for_environment_fisheries_aquaculture_science-2011-09-30-junior.csv,data/dgu/csv-from-triplestore/centre_for_environment_fisheries_aquaculture_science-2011-09-30-junior.csv,data/dgu/xls-from-triplestore/centre_for_environment_fisheries_aquaculture_science-2011-09-30-organogram.xls,4,35
Child Maintenance and Enforcement Commission,2011-09-30,data/dgu/csv-from-triplestore/child_maintenance_and_enforcement_commission-2011-09-30-junior.csv,data/dgu/csv-from-triplestore/child_maintenance_and_enforcement_commission-2011-09-30-junior.csv,data/dgu/xls-from-triplestore/child_maintenance_and_enforcement_commission-2011-09-30-organogram.xls,36,307
Children and Family Court Advisory and Support Service,2011-09-30,data/dgu/csv-from-triplestore/children_and_family_court_advisory_and_support_service-2011-09-30-junior.csv,data/dgu/csv-from-triplestore/children_and_family_court_advisory_and_support_service-2011-09-30-junior.csv,data/dgu/xls-from-triplestore/children_and_family_court_advisory_and_support_service-2011-09-30-organogram.xls,8,88
Children's Workforce Development Council,2011-09-30,data/dgu/csv-from-triplestore/childrens_workforce_development_council-2011-09-30-junior.csv,data/dgu/csv-from-triplestore/childrens_workforce_development_council-2011-09-30-junior.csv,data/dgu/xls-from-triplestore/childrens_workforce_development_council-2011-09-30-organogram.xls,7,57
Civil Nuclear Police Authority,2011-09-30,data/dgu/csv-from-triplestore/civil_nuclear_police_authority-2011-09-30-junior.csv,data/dgu/csv-from-triplestore/civil_nuclear_police_authority-2011-09-30-junior.csv,data/dgu/xls-from-triplestore/civil_nuclear_police_authority-2011-09-30-organogram.xls,4,31
Civil Service Learning,2011-09-30,data/dgu/csv-from-triplestore/civil_service_learning-2011-09-30-junior.csv,data/dgu/csv-from-triplestore/civil_service_learning-2011-09-30-junior.csv,data/dgu/xls-from-triplestore/civil_service_learning-2011-09-30-organogram.xls,5,28
Coal Authority,2011-09-30,data/dgu/csv-from-triplestore/coal_authority-2011-09-30-junior.csv,data/dgu/csv-from-triplestore/coal_authority-2011-09-30-junior.csv,data/dgu/xls-from-triplestore/coal_authority-2011-09-30-organogram.xls,6,79
Committee on Climate Change,2011-09-30,data/dgu/csv-from-triplestore/committee_on_climate_change-2011-09-30-junior.csv,data/dgu/csv-from-triplestore/committee_on_climate_change-2011-09-30-junior.csv,data/dgu/xls-from-triplestore/committee_on_climate_change-2011-09-30-organogram.xls,4,29
Competition Commission,2011-09-30,data/dgu/csv-from-triplestore/competition_commission-2011-09-30-junior.csv,data/dgu/csv-from-triplestore/competition_commission-2011-09-30-junior.csv,data/dgu/xls-from-triplestore/competition_commission-2011-09-30-organogram.xls,21,70
Consumer Council for Water,2011-09-30,data/dgu/csv-from-triplestore/consumer_council_for_water-2011-09-30-junior.csv,data/dgu/csv-from-triplestore/consumer_council_for_water-2011-09-30-junior.csv,data/dgu/xls-from-triplestore/consumer_council_for_water-2011-09-30-organogram.xls,4,23
Consumer Futures,2011-09-30,data/dgu/csv-from-triplestore/consumer_futures-2011-09-30-junior.csv,data/dgu/csv-from-triplestore/consumer_futures-2011-09-30-junior.csv,data/dgu/xls-from-triplestore/consumer_futures-2011-09-30-organogram.xls,7,6
Council for Healthcare Regulatory Excellence,2011-09-30,data/dgu/csv-from-triplestore/council_for_healthcare_regulatory_excellence-2011-09-30-junior.csv,data/dgu/csv-from-triplestore/council_for_healthcare_regulatory_excellence-2011-09-30-junior.csv,data/dgu/xls-from-triplestore/council_for_healthcare_regulatory_excellence-2011-09-30-organogram.xls,8,24
Criminal Cases Review Commission,2011-09-30,data/dgu/csv-from-triplestore/criminal_cases_review_commission-2011-09-30-junior.csv,data/dgu/csv-from-triplestore/criminal_cases_review_commission-2011-09-30-junior.csv,data/dgu/xls-from-triplestore/criminal_cases_review_commission-2011-09-30-organogram.xls,14,22
Criminal Injuries Compensation Authority,2011-09-30,data/dgu/csv-from-triplestore/criminal_injuries_compensation_authority-2011-09-30-junior.csv,data/dgu/csv-from-triplestore/criminal_injuries_compensation_authority-2011-09-30-junior.csv,data/dgu/xls-from-triplestore/criminal_injuries_compensation_authority-2011-09-30-organogram.xls,2,69
Criminal Records Bureau,2011-09-30,data/dgu/csv-from-triplestore/criminal_records_bureau-2011-09-30-junior.csv,data/dgu/csv-from-triplestore/criminal_records_bureau-2011-09-30-junior.csv,data/dgu/xls-from-triplestore/criminal_records_bureau-2011-09-30-organogram.xls,3,52
Crown Prosecution Service,2011-09-30,data/dgu/csv-from-triplestore/crown_prosecution_service-2011-09-30-junior.csv,data/dgu/csv-from-triplestore/crown_prosecution_service-2011-09-30-junior.csv,data/dgu/xls-from-triplestore/crown_prosecution_service-2011-09-30-organogram.xls,71,1132
Defence Support Group,2011-09-30,data/dgu/csv-from-triplestore/defence_support_group-2011-09-30-junior.csv,data/dgu/csv-from-triplestore/defence_support_group-2011-09-30-junior.csv,data/dgu/xls-from-triplestore/defence_support_group-2011-09-30-organogram.xls,6,28
"Department for Business, Innovation and Skills",2011-09-30,data/dgu/csv-from-triplestore/department_for_business_innovation_and_skills-2011-09-30-junior.csv,data/dgu/csv-from-triplestore/department_for_business_innovation_and_skills-2011-09-30-junior.csv,data/dgu/xls-from-triplestore/department_for_business_innovation_and_skills-2011-09-30-organogram.xls,198,744
Department for Communities and Local Government,2011-09-30,data/dgu/csv-from-triplestore/department_for_communities_and_local_government-2011-09-30-junior.csv,data/dgu/csv-from-triplestore/department_for_communities_and_local_government-2011-09-30-junior.csv,data/dgu/xls-from-triplestore/department_for_communities_and_local_government-2011-09-30-organogram.xls,103,609
"Department for Culture, Media and Sport",2011-09-30,data/dgu/csv-from-triplestore/department_for_culture_media_and_sport-2011-09-30-junior.csv,data/dgu/csv-from-triplestore/department_for_culture_media_and_sport-2011-09-30-junior.csv,data/dgu/xls-from-triplestore/department_for_culture_media_and_sport-2011-09-30-organogram.xls,44,90
"Department for Environment, Food and Rural Affairs",2011-09-30,data/dgu/csv-from-triplestore/department_for_environment_food_and_rural_affairs-2011-09-30-junior.csv,data/dgu/csv-from-triplestore/department_for_environment_food_and_rural_affairs-2011-09-30-junior.csv,data/dgu/xls-from-triplestore/department_for_environment_food_and_rural_affairs-2011-09-30-organogram.xls,110,1006
Department for International Development,2011-09-30,data/dgu/csv-from-triplestore/department_for_international_development-2011-09-30-junior.csv,data/dgu/csv-from-triplestore/department_for_international_development-2011-09-30-junior.csv,data/dgu/xls-from-triplestore/department_for_international_development-2011-09-30-organogram.xls,78,259
Department for Transport,2011-09-30,data/dgu/csv-from-triplestore/department_for_transport-2011-09-30-junior.csv,data/dgu/csv-from-triplestore/department_for_transport-2011-09-30-junior.csv,data/dgu/xls-from-triplestore/department_for_transport-2011-09-30-organogram.xls,114,510
Department for Work and Pensions,2011-09-30,data/dgu/csv-from-triplestore/department_for_work_and_pensions-2011-09-30-junior.csv,data/dgu/csv-from-triplestore/department_for_work_and_pensions-2011-09-30-junior.csv,data/dgu/xls-from-triplestore/department_for_work_and_pensions-2011-09-30-organogram.xls,209,2318
Department of Education,2011-09-30,data/dgu/csv-from-triplestore/department_of_education-2011-09-30-junior.csv,data/dgu/csv-from-triplestore/department_of_education-2011-09-30-junior.csv,data/dgu/xls-from-triplestore/department_of_education-2011-09-30-organogram.xls,128,364
Department of Energy and Climate Change,2011-09-30,data/dgu/csv-from-triplestore/department_of_energy_and_climate_change-2011-09-30-junior.csv,data/dgu/csv-from-triplestore/department_of_energy_and_climate_change-2011-09-30-junior.csv,data/dgu/xls-from-triplestore/department_of_energy_and_climate_change-2011-09-30-organogram.xls,101,386
Department of Health,2011-09-30,data/dgu/csv-from-triplestore/department_of_health-2011-09-30-junior.csv,data/dgu/csv-from-triplestore/department_of_health-2011-09-30-junior.csv,data/dgu/xls-from-triplestore/department_of_health-2011-09-30-organogram.xls,313,1122
Driver and Vehicle Licensing Agency,2011-09-30,data/dgu/csv-from-triplestore/driver_and_vehicle_licensing_agency-2011-09-30-junior.csv,data/dgu/csv-from-triplestore/driver_and_vehicle_licensing_agency-2011-09-30-junior.csv,data/dgu/xls-from-triplestore/driver_and_vehicle_licensing_agency-2011-09-30-organogram.xls,7,82
Driving Standards Agency,2011-09-30,data/dgu/csv-from-triplestore/driving_standards_agency-2011-09-30-junior.csv,data/dgu/csv-from-triplestore/driving_standards_agency-2011-09-30-junior.csv,data/dgu/xls-from-triplestore/driving_standards_agency-2011-09-30-organogram.xls,3,104
Engineering Construction Industry Training Board,2011-09-30,data/dgu/csv-from-triplestore/engineering_construction_industry_training_board-2011-09-30-junior.csv,data/dgu/csv-from-triplestore/engineering_construction_industry_training_board-2011-09-30-junior.csv,data/dgu/xls-from-triplestore/engineering_construction_industry_training_board-2011-09-30-organogram.xls,7,10
Engineering and Physical Sciences Research Council,2011-09-30,data/dgu/csv-from-triplestore/engineering_and_physical_sciences_research_council-2011-09-30-junior.csv,data/dgu/csv-from-triplestore/engineering_and_physical_sciences_research_council-2011-09-30-junior.csv,data/dgu/xls-from-triplestore/engineering_and_physical_sciences_research_council-2011-09-30-organogram.xls,4,76
English Heritage,2011-09-30,data/dgu/csv-from-triplestore/english_heritage-2011-09-30-junior.csv,data/dgu/csv-from-triplestore/english_heritage-2011-09-30-junior.csv,data/dgu/xls-from-triplestore/english_heritage-2011-09-30-organogram.xls,21,193
Environment Agency,2011-09-30,data/dgu/csv-from-triplestore/environment_agency-2011-09-30-junior.csv,data/dgu/csv-from-triplestore/environment_agency-2011-09-30-junior.csv,data/dgu/xls-from-triplestore/environment_agency-2011-09-30-organogram.xls,153,2197
Equality and Human Rights Commission,2011-09-30,data/dgu/csv-from-triplestore/equality_and_human_rights_commission-2011-09-30-junior.csv,data/dgu/csv-from-triplestore/equality_and_human_rights_commission-2011-09-30-junior.csv,data/dgu/xls-from-triplestore/equality_and_human_rights_commission-2011-09-30-organogram.xls,10,744
Foreign and Commonwealth Office,2011-09-30,data/dgu/csv-from-triplestore/foreign_and_commonwealth_office-2011-09-30-junior.csv,data/dgu/csv-from-triplestore/foreign_and_commonwealth_office-2011-09-30-junior.csv,data/dgu/xls-from-triplestore/foreign_and_commonwealth_office-2011-09-30-organogram.xls,131,227
Forestry Commission,2011-09-30,data/dgu/csv-from-triplestore/forestry_commission-2011-09-30-junior.csv,data/dgu/csv-from-triplestore/forestry_commission-2011-09-30-junior.csv,data/dgu/xls-from-triplestore/forestry_commission-2011-09-30-organogram.xls,11,228
Gambling Commission,2011-09-30,data/dgu/csv-from-triplestore/gambling_commission-2011-09-30-junior.csv,data/dgu/csv-from-triplestore/gambling_commission-2011-09-30-junior.csv,data/dgu/xls-from-triplestore/gambling_commission-2011-09-30-organogram.xls,13,46
Government Procurement Service,2011-09-30,data/dgu/csv-from-triplestore/government_procurement_service-2011-09-30-junior.csv,data/dgu/csv-from-triplestore/government_procurement_service-2011-09-30-junior.csv,data/dgu/xls-from-triplestore/government_procurement_service-2011-09-30-organogram.xls,4,203
HM Crown Prosecution Service Inspectorate,2011-09-30,data/dgu/csv-from-triplestore/hm_crown_prosecution_service_inspectorate-2011-09-30-junior.csv,data/dgu/csv-from-triplestore/hm_crown_prosecution_service_inspectorate-2011-09-30-junior.csv,data/dgu/xls-from-triplestore/hm_crown_prosecution_service_inspectorate-2011-09-30-organogram.xls,2,17
HM Inspectorate of Constabulary,2011-09-30,data/dgu/csv-from-triplestore/hm_inspectorate_of_constabulary-2011-09-30-junior.csv,data/dgu/csv-from-triplestore/hm_inspectorate_of_constabulary-2011-09-30-junior.csv,data/dgu/xls-from-triplestore/hm_inspectorate_of_constabulary-2011-09-30-organogram.xls,16,77
HM Inspectorate of Prisons,2011-09-30,data/dgu/csv-from-triplestore/hm_inspectorate_of_prisons-2011-09-30-junior.csv,data/dgu/csv-from-triplestore/hm_inspectorate_of_prisons-2011-09-30-junior.csv,data/dgu/xls-from-triplestore/hm_inspectorate_of_prisons-2011-09-30-organogram.xls,1,15
HM Inspectorate of Probation,2011-09-30,data/dgu/csv-from-triplestore/hm_inspectorate_of_probation-2011-09-30-junior.csv,data/dgu/csv-from-triplestore/hm_inspectorate_of_probation-2011-09-30-junior.csv,data/dgu/xls-from-triplestore/hm_inspectorate_of_probation-2011-09-30-organogram.xls,1,7
HM Treasury,2011-09-30,data/dgu/csv-from-triplestore/hm_treasury-2011-09-30-junior.csv,data/dgu/csv-from-triplestore/hm_treasury-2011-09-30-junior.csv,data/dgu/xls-from-triplestore/hm_treasury-2011-09-30-organogram.xls,115,407
Health Protection Agency,2011-09-30,data/dgu/csv-from-triplestore/health_protection_agency-2011-09-30-junior.csv,data/dgu/csv-from-triplestore/health_protection_agency-2011-09-30-junior.csv,data/dgu/xls-from-triplestore/health_protection_agency-2011-09-30-organogram.xls,50,507
Health and Safety Executive,2011-09-30,data/dgu/csv-from-triplestore/health_and_safety_executive-2011-09-30-junior.csv,data/dgu/csv-from-triplestore/health_and_safety_executive-2011-09-30-junior.csv,data/dgu/xls-from-triplestore/health_and_safety_executive-2011-09-30-organogram.xls,48,855
High Speed 2 Limited,2011-09-30,data/dgu/csv-from-triplestore/high_speed_2_limited-2011-09-30-junior.csv,data/dgu/csv-from-triplestore/high_speed_2_limited-2011-09-30-junior.csv,data/dgu/xls-from-triplestore/high_speed_2_limited-2011-09-30-organogram.xls,4,6
Highways Agency,2011-09-30,data/dgu/csv-from-triplestore/highways_agency-2011-09-30-junior.csv,data/dgu/csv-from-triplestore/highways_agency-2011-09-30-junior.csv,data/dgu/xls-from-triplestore/highways_agency-2011-09-30-organogram.xls,27,220
Home Office,2011-09-30,data/dgu/csv-from-triplestore/home_office-2011-09-30-junior.csv,data/dgu/csv-from-triplestore/home_office-2011-09-30-junior.csv,data/dgu/xls-from-triplestore/home_office-2011-09-30-organogram.xls,151,734
Horniman Public Museum & Public Park Trust,2011-09-30,data/dgu/csv-from-triplestore/horniman_public_museum_public_park_trust-2011-09-30-junior.csv,data/dgu/csv-from-triplestore/horniman_public_museum_public_park_trust-2011-09-30-junior.csv,data/dgu/xls-from-triplestore/horniman_public_museum_public_park_trust-2011-09-30-organogram.xls,1,29
Horserace Betting Levy Board,2011-09-30,data/dgu/csv-from-triplestore/horserace_betting_levy_board-2011-09-30-junior.csv,data/dgu/csv-from-triplestore/horserace_betting_levy_board-2011-09-30-junior.csv,data/dgu/xls-from-triplestore/horserace_betting_levy_board-2011-09-30-organogram.xls,3,11
Human Fertilisation and Embryology Authority,2011-09-30,data/dgu/csv-from-triplestore/human_fertilisation_and_embryology_authority-2011-09-30-junior.csv,data/dgu/csv-from-triplestore/human_fertilisation_and_embryology_authority-2011-09-30-junior.csv,data/dgu/xls-from-triplestore/human_fertilisation_and_embryology_authority-2011-09-30-organogram.xls,5,14
Human Tissue Authority,2011-09-30,data/dgu/csv-from-triplestore/human_tissue_authority-2011-09-30-junior.csv,data/dgu/csv-from-triplestore/human_tissue_authority-2011-09-30-junior.csv,data/dgu/xls-from-triplestore/human_tissue_authority-2011-09-30-organogram.xls,5,13
Identity & Passport Service,2011-09-30,data/dgu/csv-from-triplestore/identity_passport_service-2011-09-30-junior.csv,data/dgu/csv-from-triplestore/identity_passport_service-2011-09-30-junior.csv,data/dgu/xls-from-triplestore/identity_passport_service-2011-09-30-organogram.xls,14,70
Imperial War Museum,2011-09-30,data/dgu/csv-from-triplestore/imperial_war_museum-2011-09-30-junior.csv,data/dgu/csv-from-triplestore/imperial_war_museum-2011-09-30-junior.csv,data/dgu/xls-from-triplestore/imperial_war_museum-2011-09-30-organogram.xls,3,148
Independent Housing Ombudsman,2011-09-30,data/dgu/csv-from-triplestore/independent_housing_ombudsman-2011-09-30-junior.csv,data/dgu/csv-from-triplestore/independent_housing_ombudsman-2011-09-30-junior.csv,data/dgu/xls-from-triplestore/independent_housing_ombudsman-2011-09-30-organogram.xls,3,16
Independent Living Fund,2011-09-30,data/dgu/csv-from-triplestore/independent_living_fund-2011-09-30-junior.csv,data/dgu/csv-from-triplestore/independent_living_fund-2011-09-30-junior.csv,data/dgu/xls-from-triplestore/independent_living_fund-2011-09-30-organogram.xls,3,49
Independent Police Complaints Commission,2011-09-30,data/dgu/csv-from-triplestore/independent_police_complaints_commission-2011-09-30-junior.csv,data/dgu/csv-from-triplestore/independent_police_complaints_commission-2011-09-30-junior.csv,data/dgu/xls-from-triplestore/independent_police_complaints_commission-2011-09-30-organogram.xls,5,110
Independent Safeguarding Authority,2011-09-30,data/dgu/csv-from-triplestore/independent_safeguarding_authority-2011-09-30-junior.csv,data/dgu/csv-from-triplestore/independent_safeguarding_authority-2011-09-30-junior.csv,data/dgu/xls-from-triplestore/independent_safeguarding_authority-2011-09-30-organogram.xls,3,51
Information Commissioner's Office,2011-09-30,data/dgu/csv-from-triplestore/information_commissioners_office-2011-09-30-junior.csv,data/dgu/csv-from-triplestore/information_commissioners_office-2011-09-30-junior.csv,data/dgu/xls-from-triplestore/information_commissioners_office-2011-09-30-organogram.xls,6,91
Infrastructure Planning Commission,2011-09-30,data/dgu/csv-from-triplestore/infrastructure_planning_commission-2011-09-30-junior.csv,data/dgu/csv-from-triplestore/infrastructure_planning_commission-2011-09-30-junior.csv,data/dgu/xls-from-triplestore/infrastructure_planning_commission-2011-09-30-organogram.xls,7,34
Intellectual Property Office,2011-09-30,data/dgu/csv-from-triplestore/intellectual_property_office-2011-09-30-junior.csv,data/dgu/csv-from-triplestore/intellectual_property_office-2011-09-30-junior.csv,data/dgu/xls-from-triplestore/intellectual_property_office-2011-09-30-organogram.xls,8,127
Joint Nature Conservation Committee,2011-09-30,data/dgu/csv-from-triplestore/joint_nature_conservation_committee-2011-09-30-junior.csv,data/dgu/csv-from-triplestore/joint_nature_conservation_committee-2011-09-30-junior.csv,data/dgu/xls-from-triplestore/joint_nature_conservation_committee-2011-09-30-organogram.xls,1,68
Judicial Appointments Commission,2011-09-30,data/dgu/csv-from-triplestore/judicial_appointments_commission-2011-09-30-junior.csv,data/dgu/csv-from-triplestore/judicial_appointments_commission-2011-09-30-junior.csv,data/dgu/xls-from-triplestore/judicial_appointments_commission-2011-09-30-organogram.xls,4,30
Judicial Office,2011-09-30,data/dgu/csv-from-triplestore/judicial_office-2011-09-30-junior.csv,data/dgu/csv-from-triplestore/judicial_office-2011-09-30-junior.csv,data/dgu/xls-from-triplestore/judicial_office-2011-09-30-organogram.xls,5,36
Land Registry,2011-09-30,data/dgu/csv-from-triplestore/land_registry-2011-09-30-junior.csv,data/dgu/csv-from-triplestore/land_registry-2011-09-30-junior.csv,data/dgu/xls-from-triplestore/land_registry-2011-09-30-organogram.xls,24,94
Learning and Skills Improvement Service,2011-09-30,data/dgu/csv-from-triplestore/learning_and_skills_improvement_service-2011-09-30-junior.csv,data/dgu/csv-from-triplestore/learning_and_skills_improvement_service-2011-09-30-junior.csv,data/dgu/xls-from-triplestore/learning_and_skills_improvement_service-2011-09-30-organogram.xls,4,76
Leasehold Advisory Service,2011-09-30,data/dgu/csv-from-triplestore/leasehold_advisory_service-2011-09-30-junior.csv,data/dgu/csv-from-triplestore/leasehold_advisory_service-2011-09-30-junior.csv,data/dgu/xls-from-triplestore/leasehold_advisory_service-2011-09-30-organogram.xls,1,2
Legal Services Board,2011-09-30,data/dgu/csv-from-triplestore/legal_services_board-2011-09-30-junior.csv,data/dgu/csv-from-triplestore/legal_services_board-2011-09-30-junior.csv,data/dgu/xls-from-triplestore/legal_services_board-2011-09-30-organogram.xls,6,16
Legal Services Commission,2011-09-30,data/dgu/csv-from-triplestore/legal_services_commission-2011-09-30-junior.csv,data/dgu/csv-from-triplestore/legal_services_commission-2011-09-30-junior.csv,data/dgu/xls-from-triplestore/legal_services_commission-2011-09-30-organogram.xls,13,81
London Thames Gateway Development Corporation,2011-09-30,data/dgu/csv-from-triplestore/london_thames_gateway_development_corporation-2011-09-30-junior.csv,data/dgu/csv-from-triplestore/london_thames_gateway_development_corporation-2011-09-30-junior.csv,data/dgu/xls-from-triplestore/london_thames_gateway_development_corporation-2011-09-30-organogram.xls,6,8
Marine Management Organisation,2011-09-30,data/dgu/csv-from-triplestore/marine_management_organisation-2011-09-30-junior.csv,data/dgu/csv-from-triplestore/marine_management_organisation-2011-09-30-junior.csv,data/dgu/xls-from-triplestore/marine_management_organisation-2011-09-30-organogram.xls,5,31
Maritime and Coastguard Agency,2011-09-30,data/dgu/csv-from-triplestore/maritime_and_coastguard_agency-2011-09-30-junior.csv,data/dgu/csv-from-triplestore/maritime_and_coastguard_agency-2011-09-30-junior.csv,data/dgu/xls-from-triplestore/maritime_and_coastguard_agency-2011-09-30-organogram.xls,4,82
Medical Research Council,2011-09-30,data/dgu/csv-from-triplestore/medical_research_council-2011-09-30-junior.csv,data/dgu/csv-from-triplestore/medical_research_council-2011-09-30-junior.csv,data/dgu/xls-from-triplestore/medical_research_council-2011-09-30-organogram.xls,41,307
Met Office,2011-09-30,data/dgu/csv-from-triplestore/met_office-2011-09-30-junior.csv,data/dgu/csv-from-triplestore/met_office-2011-09-30-junior.csv,data/dgu/xls-from-triplestore/met_office-2011-09-30-organogram.xls,10,229
Ministry of Defence,2011-09-30,data/dgu/csv-from-triplestore/ministry_of_defence-2011-09-30-junior.csv,data/dgu/csv-from-triplestore/ministry_of_defence-2011-09-30-junior.csv,data/dgu/xls-from-triplestore/ministry_of_defence-2011-09-30-organogram.xls,617,12714
Ministry of Justice,2011-09-30,data/dgu/csv-from-triplestore/ministry_of_justice-2011-09-30-junior.csv,data/dgu/csv-from-triplestore/ministry_of_justice-2011-09-30-junior.csv,data/dgu/xls-from-triplestore/ministry_of_justice-2011-09-30-organogram.xls,132,624
Monitor,2011-09-30,data/dgu/csv-from-triplestore/monitor-2011-09-30-junior.csv,data/dgu/csv-from-triplestore/monitor-2011-09-30-junior.csv,data/dgu/xls-from-triplestore/monitor-2011-09-30-organogram.xls,9,42
Museum of Science and Industry,2011-09-30,data/dgu/csv-from-triplestore/museum_of_science_and_industry-2011-09-30-junior.csv,data/dgu/csv-from-triplestore/museum_of_science_and_industry-2011-09-30-junior.csv,data/dgu/xls-from-triplestore/museum_of_science_and_industry-2011-09-30-organogram.xls,4,34
NHS Blood and Transplant,2011-09-30,data/dgu/csv-from-triplestore/nhs_blood_and_transplant-2011-09-30-junior.csv,data/dgu/csv-from-triplestore/nhs_blood_and_transplant-2011-09-30-junior.csv,data/dgu/xls-from-triplestore/nhs_blood_and_transplant-2011-09-30-organogram.xls,50,91
NHS Business Services Authority,2011-09-30,data/dgu/csv-from-triplestore/nhs_business_services_authority-2011-09-30-junior.csv,data/dgu/csv-from-triplestore/nhs_business_services_authority-2011-09-30-junior.csv,data/dgu/xls-from-triplestore/nhs_business_services_authority-2011-09-30-organogram.xls,5,71
NHS Information Centre for Health and Social Care,2011-09-30,data/dgu/csv-from-triplestore/nhs_information_centre_for_health_and_social_care-2011-09-30-junior.csv,data/dgu/csv-from-triplestore/nhs_information_centre_for_health_and_social_care-2011-09-30-junior.csv,data/dgu/xls-from-triplestore/nhs_information_centre_for_health_and_social_care-2011-09-30-organogram.xls,35,126
NHS Litigation Authority,2011-09-30,data/dgu/csv-from-triplestore/nhs_litigation_authority-2011-09-30-junior.csv,data/dgu/csv-from-triplestore/nhs_litigation_authority-2011-09-30-junior.csv,data/dgu/xls-from-triplestore/nhs_litigation_authority-2011-09-30-organogram.xls,6,33
National Army Museum,2011-09-30,data/dgu/csv-from-triplestore/national_army_museum-2011-09-30-junior.csv,data/dgu/csv-from-triplestore/national_army_museum-2011-09-30-junior.csv,data/dgu/xls-from-triplestore/national_army_museum-2011-09-30-organogram.xls,5,32
National College for School Leadership,2011-09-30,data/dgu/csv-from-triplestore/national_college_for_school_leadership-2011-09-30-junior.csv,data/dgu/csv-from-triplestore/national_college_for_school_leadership-2011-09-30-junior.csv,data/dgu/xls-from-triplestore/national_college_for_school_leadership-2011-09-30-organogram.xls,22,152
National Fraud Authority,2011-09-30,data/dgu/csv-from-triplestore/national_fraud_authority-2011-09-30-junior.csv,data/dgu/csv-from-triplestore/national_fraud_authority-2011-09-30-junior.csv,data/dgu/xls-from-triplestore/national_fraud_authority-2011-09-30-organogram.xls,4,41
National Institute for Health and Care Excellence,2011-09-30,data/dgu/csv-from-triplestore/national_institute_for_health_and_care_excellence-2011-09-30-junior.csv,data/dgu/csv-from-triplestore/national_institute_for_health_and_care_excellence-2011-09-30-junior.csv,data/dgu/xls-from-triplestore/national_institute_for_health_and_care_excellence-2011-09-30-organogram.xls,17,269
National Lottery Commission,2011-09-30,data/dgu/csv-from-triplestore/national_lottery_commission-2011-09-30-junior.csv,data/dgu/csv-from-triplestore/national_lottery_commission-2011-09-30-junior.csv,data/dgu/xls-from-triplestore/national_lottery_commission-2011-09-30-organogram.xls,5,24
National Maritime Museum,2011-09-30,data/dgu/csv-from-triplestore/national_maritime_museum-2011-09-30-junior.csv,data/dgu/csv-from-triplestore/national_maritime_museum-2011-09-30-junior.csv,data/dgu/xls-from-triplestore/national_maritime_museum-2011-09-30-organogram.xls,6,66
National Measurement Office,2011-09-30,data/dgu/csv-from-triplestore/national_measurement_office-2011-09-30-junior.csv,data/dgu/csv-from-triplestore/national_measurement_office-2011-09-30-junior.csv,data/dgu/xls-from-triplestore/national_measurement_office-2011-09-30-organogram.xls,1,3
National Museum of Science and Industry,2011-09-30,data/dgu/csv-from-triplestore/national_museum_of_science_and_industry-2011-09-30-junior.csv,data/dgu/csv-from-triplestore/national_museum_of_science_and_industry-2011-09-30-junior.csv,data/dgu/xls-from-triplestore/national_museum_of_science_and_industry-2011-09-30-organogram.xls,9,249
National Museums Liverpool,2011-09-30,data/dgu/csv-from-triplestore/national_museums_liverpool-2011-09-30-junior.csv,data/dgu/csv-from-triplestore/national_museums_liverpool-2011-09-30-junior.csv,data/dgu/xls-from-triplestore/national_museums_liverpool-2011-09-30-organogram.xls,7,147
National Offender Management Service,2011-09-30,data/dgu/csv-from-triplestore/national_offender_management_service-2011-09-30-junior.csv,data/dgu/csv-from-triplestore/national_offender_management_service-2011-09-30-junior.csv,data/dgu/xls-from-triplestore/national_offender_management_service-2011-09-30-organogram.xls,77,4095
National Patient Safety Agency,2011-09-30,data/dgu/csv-from-triplestore/national_patient_safety_agency-2011-09-30-junior.csv,data/dgu/csv-from-triplestore/national_patient_safety_agency-2011-09-30-junior.csv,data/dgu/xls-from-triplestore/national_patient_safety_agency-2011-09-30-organogram.xls,5,42
National Policing Improvement Agency,2011-09-30,data/dgu/csv-from-triplestore/national_policing_improvement_agency-2011-09-30-junior.csv,data/dgu/csv-from-triplestore/national_policing_improvement_agency-2011-09-30-junior.csv,data/dgu/xls-from-triplestore/national_policing_improvement_agency-2011-09-30-organogram.xls,31,554
National Portrait Gallery,2011-09-30,data/dgu/csv-from-triplestore/national_portrait_gallery-2011-09-30-junior.csv,data/dgu/csv-from-triplestore/national_portrait_gallery-2011-09-30-junior.csv,data/dgu/xls-from-triplestore/national_portrait_gallery-2011-09-30-organogram.xls,1,44
National Treatment Agency for Substance Misuse,2011-09-30,data/dgu/csv-from-triplestore/national_treatment_agency_for_substance_misuse-2011-09-30-junior.csv,data/dgu/csv-from-triplestore/national_treatment_agency_for_substance_misuse-2011-09-30-junior.csv,data/dgu/xls-from-triplestore/national_treatment_agency_for_substance_misuse-2011-09-30-organogram.xls,7,25
Natural England,2011-09-30,data/dgu/csv-from-triplestore/natural_england-2011-09-30-junior.csv,data/dgu/csv-from-triplestore/natural_england-2011-09-30-junior.csv,data/dgu/xls-from-triplestore/natural_england-2011-09-30-organogram.xls,23,155
Natural History Museum,2011-09-30,data/dgu/csv-from-triplestore/natural_history_museum-2011-09-30-junior.csv,data/dgu/csv-from-triplestore/natural_history_museum-2011-09-30-junior.csv,data/dgu/xls-from-triplestore/natural_history_museum-2011-09-30-organogram.xls,4,129
Nuclear Decommissioning Authority,2011-09-30,data/dgu/csv-from-triplestore/nuclear_decommissioning_authority-2011-09-30-junior.csv,data/dgu/csv-from-triplestore/nuclear_decommissioning_authority-2011-09-30-junior.csv,data/dgu/xls-from-triplestore/nuclear_decommissioning_authority-2011-09-30-organogram.xls,54,4
Office for Budget Responsibility,2011-09-30,data/dgu/csv-from-triplestore/office_for_budget_responsibility-2011-09-30-junior.csv,data/dgu/csv-from-triplestore/office_for_budget_responsibility-2011-09-30-junior.csv,data/dgu/xls-from-triplestore/office_for_budget_responsibility-2011-09-30-organogram.xls,4,3
"Office for Standards in Education, Children's Services and Skills",2011-09-30,data/dgu/csv-from-triplestore/office_for_standards_in_education_childrens_services_and_skills-2011-09-30-junior.csv,data/dgu/csv-from-triplestore/office_for_standards_in_education_childrens_services_and_skills-2011-09-30-junior.csv,data/dgu/xls-from-triplestore/office_for_standards_in_education_childrens_services_and_skills-2011-09-30-organogram.xls,38,171
Office of Qualifications and Examinations Regulation,2011-09-30,data/dgu/csv-from-triplestore/office_of_qualifications_and_examinations_regulation-2011-09-30-junior.csv,data/dgu/csv-from-triplestore/office_of_qualifications_and_examinations_regulation-2011-09-30-junior.csv,data/dgu/xls-from-triplestore/office_of_qualifications_and_examinations_regulation-2011-09-30-organogram.xls,5,24
Office of the Advocate General of Scotland,2011-09-30,data/dgu/csv-from-triplestore/office_of_the_advocate_general_of_scotland-2011-09-30-junior.csv,data/dgu/csv-from-triplestore/office_of_the_advocate_general_of_scotland-2011-09-30-junior.csv,data/dgu/xls-from-triplestore/office_of_the_advocate_general_of_scotland-2011-09-30-organogram.xls,5,41
Office of the Immigration Services Commissioner,2011-09-30,data/dgu/csv-from-triplestore/office_of_the_immigration_services_commissioner-2011-09-30-junior.csv,data/dgu/csv-from-triplestore/office_of_the_immigration_services_commissioner-2011-09-30-junior.csv,data/dgu/xls-from-triplestore/office_of_the_immigration_services_commissioner-2011-09-30-organogram.xls,2,14
Ofsted,2011-09-30,data/dgu/csv-from-triplestore/ofsted-2011-09-30-junior.csv,data/dgu/csv-from-triplestore/ofsted-2011-09-30-junior.csv,data/dgu/xls-from-triplestore/ofsted-2011-09-30-organogram.xls,38,171
Olympic Delivery Authority,2011-09-30,data/dgu/csv-from-triplestore/olympic_delivery_authority-2011-09-30-junior.csv,data/dgu/csv-from-triplestore/olympic_delivery_authority-2011-09-30-junior.csv,data/dgu/xls-from-triplestore/olympic_delivery_authority-2011-09-30-organogram.xls,29,141
Ordnance Survey,2011-09-30,data/dgu/csv-from-triplestore/ordnance_survey-2011-09-30-junior.csv,data/dgu/csv-from-triplestore/ordnance_survey-2011-09-30-junior.csv,data/dgu/xls-from-triplestore/ordnance_survey-2011-09-30-organogram.xls,6,200
Parole Board,2011-09-30,data/dgu/csv-from-triplestore/parole_board-2011-09-30-junior.csv,data/dgu/csv-from-triplestore/parole_board-2011-09-30-junior.csv,data/dgu/xls-from-triplestore/parole_board-2011-09-30-organogram.xls,2,45
Partnerships for Schools,2011-09-30,data/dgu/csv-from-triplestore/partnerships_for_schools-2011-09-30-junior.csv,data/dgu/csv-from-triplestore/partnerships_for_schools-2011-09-30-junior.csv,data/dgu/xls-from-triplestore/partnerships_for_schools-2011-09-30-organogram.xls,22,68
Pensions Ombudsman,2011-09-30,data/dgu/csv-from-triplestore/pensions_ombudsman-2011-09-30-junior.csv,data/dgu/csv-from-triplestore/pensions_ombudsman-2011-09-30-junior.csv,data/dgu/xls-from-triplestore/pensions_ombudsman-2011-09-30-organogram.xls,2,7
Planning Inspectorate,2011-09-30,data/dgu/csv-from-triplestore/planning_inspectorate-2011-09-30-junior.csv,data/dgu/csv-from-triplestore/planning_inspectorate-2011-09-30-junior.csv,data/dgu/xls-from-triplestore/planning_inspectorate-2011-09-30-organogram.xls,5,82
Prisons and Probation Ombudsman,2011-09-30,data/dgu/csv-from-triplestore/prisons_and_probation_ombudsman-2011-09-30-junior.csv,data/dgu/csv-from-triplestore/prisons_and_probation_ombudsman-2011-09-30-junior.csv,data/dgu/xls-from-triplestore/prisons_and_probation_ombudsman-2011-09-30-organogram.xls,2,6
Public Lending Right,2011-09-30,data/dgu/csv-from-triplestore/public_lending_right-2011-09-30-junior.csv,data/dgu/csv-from-triplestore/public_lending_right-2011-09-30-junior.csv,data/dgu/xls-from-triplestore/public_lending_right-2011-09-30-organogram.xls,1,11
Qualifications and Curriculum Development Agency,2011-09-30,data/dgu/csv-from-triplestore/qualifications_and_curriculum_development_agency-2011-09-30-junior.csv,data/dgu/csv-from-triplestore/qualifications_and_curriculum_development_agency-2011-09-30-junior.csv,data/dgu/xls-from-triplestore/qualifications_and_curriculum_development_agency-2011-09-30-organogram.xls,9,41
Queen Elizabeth II Conference Centre,2011-09-30,data/dgu/csv-from-triplestore/queen_elizabeth_ii_conference_centre-2011-09-30-junior.csv,data/dgu/csv-from-triplestore/queen_elizabeth_ii_conference_centre-2011-09-30-junior.csv,data/dgu/xls-from-triplestore/queen_elizabeth_ii_conference_centre-2011-09-30-organogram.xls,1,28
Royal Air Force Museum,2011-09-30,data/dgu/csv-from-triplestore/royal_air_force_museum-2011-09-30-junior.csv,data/dgu/csv-from-triplestore/royal_air_force_museum-2011-09-30-junior.csv,data/dgu/xls-from-triplestore/royal_air_force_museum-2011-09-30-organogram.xls,3,30
Rural Payments Agency,2011-09-30,data/dgu/csv-from-triplestore/rural_payments_agency-2011-09-30-junior.csv,data/dgu/csv-from-triplestore/rural_payments_agency-2011-09-30-junior.csv,data/dgu/xls-from-triplestore/rural_payments_agency-2011-09-30-organogram.xls,13,177
Science and Technology Facilities Council,2011-09-30,data/dgu/csv-from-triplestore/science_and_technology_facilities_council-2011-09-30-junior.csv,data/dgu/csv-from-triplestore/science_and_technology_facilities_council-2011-09-30-junior.csv,data/dgu/xls-from-triplestore/science_and_technology_facilities_council-2011-09-30-organogram.xls,37,321
Scotland Office,2011-09-30,data/dgu/csv-from-triplestore/scotland_office-2011-09-30-junior.csv,data/dgu/csv-from-triplestore/scotland_office-2011-09-30-junior.csv,data/dgu/xls-from-triplestore/scotland_office-2011-09-30-organogram.xls,4,51
Security Industry Authority,2011-09-30,data/dgu/csv-from-triplestore/security_industry_authority-2011-09-30-junior.csv,data/dgu/csv-from-triplestore/security_industry_authority-2011-09-30-junior.csv,data/dgu/xls-from-triplestore/security_industry_authority-2011-09-30-organogram.xls,4,86
Serious Fraud Office,2011-09-30,data/dgu/csv-from-triplestore/serious_fraud_office-2011-09-30-junior.csv,data/dgu/csv-from-triplestore/serious_fraud_office-2011-09-30-junior.csv,data/dgu/xls-from-triplestore/serious_fraud_office-2011-09-30-organogram.xls,9,107
Serious Organised Crime Agency,2011-09-30,data/dgu/csv-from-triplestore/serious_organised_crime_agency-2011-09-30-junior.csv,data/dgu/csv-from-triplestore/serious_organised_crime_agency-2011-09-30-junior.csv,data/dgu/xls-from-triplestore/serious_organised_crime_agency-2011-09-30-organogram.xls,5,32
Sir John Soane's Museum,2011-09-30,data/dgu/csv-from-triplestore/sir_john_soanes_museum-2011-09-30-junior.csv,data/dgu/csv-from-triplestore/sir_john_soanes_museum-2011-09-30-junior.csv,data/dgu/xls-from-triplestore/sir_john_soanes_museum-2011-09-30-organogram.xls,1,15
Skills Funding Agency,2011-09-30,data/dgu/csv-from-triplestore/skills_funding_agency-2011-09-30-junior.csv,data/dgu/csv-from-triplestore/skills_funding_agency-2011-09-30-junior.csv,data/dgu/xls-from-triplestore/skills_funding_agency-2011-09-30-organogram.xls,61,312
Sport England,2011-09-30,data/dgu/csv-from-triplestore/sport_england-2011-09-30-junior.csv,data/dgu/csv-from-triplestore/sport_england-2011-09-30-junior.csv,data/dgu/xls-from-triplestore/sport_england-2011-09-30-organogram.xls,8,87
Standards Board for England,2011-09-30,data/dgu/csv-from-triplestore/standards_board_for_england-2011-09-30-junior.csv,data/dgu/csv-from-triplestore/standards_board_for_england-2011-09-30-junior.csv,data/dgu/xls-from-triplestore/standards_board_for_england-2011-09-30-organogram.xls,3,25
Student Loans Company Limited,2011-09-30,data/dgu/csv-from-triplestore/student_loans_company_limited-2011-09-30-junior.csv,data/dgu/csv-from-triplestore/student_loans_company_limited-2011-09-30-junior.csv,data/dgu/xls-from-triplestore/student_loans_company_limited-2011-09-30-organogram.xls,8,328
Tate,2011-09-30,data/dgu/csv-from-triplestore/tate-2011-09-30-junior.csv,data/dgu/csv-from-triplestore/tate-2011-09-30-junior.csv,data/dgu/xls-from-triplestore/tate-2011-09-30-organogram.xls,6,28
Tenant Services Authority,2011-09-30,data/dgu/csv-from-triplestore/tenant_services_authority-2011-09-30-junior.csv,data/dgu/csv-from-triplestore/tenant_services_authority-2011-09-30-junior.csv,data/dgu/xls-from-triplestore/tenant_services_authority-2011-09-30-organogram.xls,9,80
The British Museum,2011-09-30,data/dgu/csv-from-triplestore/the_british_museum-2011-09-30-junior.csv,data/dgu/csv-from-triplestore/the_british_museum-2011-09-30-junior.csv,data/dgu/xls-from-triplestore/the_british_museum-2011-09-30-organogram.xls,7,77
The Food and Environment Research Agency,2011-09-30,data/dgu/csv-from-triplestore/the_food_and_environment_research_agency-2011-09-30-junior.csv,data/dgu/csv-from-triplestore/the_food_and_environment_research_agency-2011-09-30-junior.csv,data/dgu/xls-from-triplestore/the_food_and_environment_research_agency-2011-09-30-organogram.xls,6,125
The Geffrye Museum,2011-09-30,data/dgu/csv-from-triplestore/the_geffrye_museum-2011-09-30-junior.csv,data/dgu/csv-from-triplestore/the_geffrye_museum-2011-09-30-junior.csv,data/dgu/xls-from-triplestore/the_geffrye_museum-2011-09-30-organogram.xls,1,21
The Insolvency Service,2011-09-30,data/dgu/csv-from-triplestore/the_insolvency_service-2011-09-30-junior.csv,data/dgu/csv-from-triplestore/the_insolvency_service-2011-09-30-junior.csv,data/dgu/xls-from-triplestore/the_insolvency_service-2011-09-30-organogram.xls,5,101
The National Gallery,2011-09-30,data/dgu/csv-from-triplestore/the_national_gallery-2011-09-30-junior.csv,data/dgu/csv-from-triplestore/the_national_gallery-2011-09-30-junior.csv,data/dgu/xls-from-triplestore/the_national_gallery-2011-09-30-organogram.xls,7,108
The National Museum of the Royal Navy,2011-09-30,data/dgu/csv-from-triplestore/the_national_museum_of_the_royal_navy-2011-09-30-junior.csv,data/dgu/csv-from-triplestore/the_national_museum_of_the_royal_navy-2011-09-30-junior.csv,data/dgu/xls-from-triplestore/the_national_museum_of_the_royal_navy-2011-09-30-organogram.xls,4,2
The Northern Lighthouse Board,2011-09-30,data/dgu/csv-from-triplestore/the_northern_lighthouse_board-2011-09-30-junior.csv,data/dgu/csv-from-triplestore/the_northern_lighthouse_board-2011-09-30-junior.csv,data/dgu/xls-from-triplestore/the_northern_lighthouse_board-2011-09-30-organogram.xls,4,86
The Pensions Advisory Service,2011-09-30,data/dgu/csv-from-triplestore/the_pensions_advisory_service-2011-09-30-junior.csv,data/dgu/csv-from-triplestore/the_pensions_advisory_service-2011-09-30-junior.csv,data/dgu/xls-from-triplestore/the_pensions_advisory_service-2011-09-30-organogram.xls,1,10
The Pensions Regulator,2011-09-30,data/dgu/csv-from-triplestore/the_pensions_regulator-2011-09-30-junior.csv,data/dgu/csv-from-triplestore/the_pensions_regulator-2011-09-30-junior.csv,data/dgu/xls-from-triplestore/the_pensions_regulator-2011-09-30-organogram.xls,89,92
The Wallace Collection,2011-09-30,data/dgu/csv-from-triplestore/the_wallace_collection-2011-09-30-junior.csv,data/dgu/csv-from-triplestore/the_wallace_collection-2011-09-30-junior.csv,data/dgu/xls-from-triplestore/the_wallace_collection-2011-09-30-organogram.xls,4,46
Thurrock Thames Gateway Development Corporation,2011-09-30,data/dgu/csv-from-triplestore/thurrock_thames_gateway_development_corporation-2011-09-30-junior.csv,data/dgu/csv-from-triplestore/thurrock_thames_gateway_development_corporation-2011-09-30-junior.csv,data/dgu/xls-from-triplestore/thurrock_thames_gateway_development_corporation-2011-09-30-organogram.xls,4,20
Training and Development Agency for Schools,2011-09-30,data/dgu/csv-from-triplestore/training_and_development_agency_for_schools-2011-09-30-junior.csv,data/dgu/csv-from-triplestore/training_and_development_agency_for_schools-2011-09-30-junior.csv,data/dgu/xls-from-triplestore/training_and_development_agency_for_schools-2011-09-30-organogram.xls,13,47
Transport Focus,2011-09-30,data/dgu/csv-from-triplestore/transport_focus-2011-09-30-junior.csv,data/dgu/csv-from-triplestore/transport_focus-2011-09-30-junior.csv,data/dgu/xls-from-triplestore/transport_focus-2011-09-30-organogram.xls,3,14
Treasury Solicitor's Department,2011-09-30,data/dgu/csv-from-triplestore/treasury_solicitors_department-2011-09-30-junior.csv,data/dgu/csv-from-triplestore/treasury_solicitors_department-2011-09-30-junior.csv,data/dgu/xls-from-triplestore/treasury_solicitors_department-2011-09-30-organogram.xls,69,248
Trinity House Lighthouse Service,2011-09-30,data/dgu/csv-from-triplestore/trinity_house_lighthouse_service-2011-09-30-junior.csv,data/dgu/csv-from-triplestore/trinity_house_lighthouse_service-2011-09-30-junior.csv,data/dgu/xls-from-triplestore/trinity_house_lighthouse_service-2011-09-30-organogram.xls,4,131
UK Anti-Doping,2011-09-30,data/dgu/csv-from-triplestore/uk_anti-doping-2011-09-30-junior.csv,data/dgu/csv-from-triplestore/uk_anti-doping-2011-09-30-junior.csv,data/dgu/xls-from-triplestore/uk_anti-doping-2011-09-30-organogram.xls,5,38
UK Border Agency,2011-09-30,data/dgu/csv-from-triplestore/uk_border_agency-2011-09-30-junior.csv,data/dgu/csv-from-triplestore/uk_border_agency-2011-09-30-junior.csv,data/dgu/xls-from-triplestore/uk_border_agency-2011-09-30-organogram.xls,82,463
UK Commission for Employment and Skills,2011-09-30,data/dgu/csv-from-triplestore/uk_commission_for_employment_and_skills-2011-09-30-junior.csv,data/dgu/csv-from-triplestore/uk_commission_for_employment_and_skills-2011-09-30-junior.csv,data/dgu/xls-from-triplestore/uk_commission_for_employment_and_skills-2011-09-30-organogram.xls,6,46
UK Debt Management Office,2011-09-30,data/dgu/csv-from-triplestore/uk_debt_management_office-2011-09-30-junior.csv,data/dgu/csv-from-triplestore/uk_debt_management_office-2011-09-30-junior.csv,data/dgu/xls-from-triplestore/uk_debt_management_office-2011-09-30-organogram.xls,4,92
UK Sport,2011-09-30,data/dgu/csv-from-triplestore/uk_sport-2011-09-30-junior.csv,data/dgu/csv-from-triplestore/uk_sport-2011-09-30-junior.csv,data/dgu/xls-from-triplestore/uk_sport-2011-09-30-organogram.xls,7,52
United Kingdom Atomic Energy Authority,2011-09-30,data/dgu/csv-from-triplestore/united_kingdom_atomic_energy_authority-2011-09-30-junior.csv,data/dgu/csv-from-triplestore/united_kingdom_atomic_energy_authority-2011-09-30-junior.csv,data/dgu/xls-from-triplestore/united_kingdom_atomic_energy_authority-2011-09-30-organogram.xls,10,249
United Kingdom Hydrographic Office,2011-09-30,data/dgu/csv-from-triplestore/united_kingdom_hydrographic_office-2011-09-30-junior.csv,data/dgu/csv-from-triplestore/united_kingdom_hydrographic_office-2011-09-30-junior.csv,data/dgu/xls-from-triplestore/united_kingdom_hydrographic_office-2011-09-30-organogram.xls,5,42
Valuation Office Agency,2011-09-30,data/dgu/csv-from-triplestore/valuation_office_agency-2011-09-30-junior.csv,data/dgu/csv-from-triplestore/valuation_office_agency-2011-09-30-junior.csv,data/dgu/xls-from-triplestore/valuation_office_agency-2011-09-30-organogram.xls,12,3815
Vehicle Certification Agency,2011-09-30,data/dgu/csv-from-triplestore/vehicle_certification_agency-2011-09-30-junior.csv,data/dgu/csv-from-triplestore/vehicle_certification_agency-2011-09-30-junior.csv,data/dgu/xls-from-triplestore/vehicle_certification_agency-2011-09-30-organogram.xls,1,7
Vehicle and Operator Services Agency,2011-09-30,data/dgu/csv-from-triplestore/vehicle_and_operator_services_agency-2011-09-30-junior.csv,data/dgu/csv-from-triplestore/vehicle_and_operator_services_agency-2011-09-30-junior.csv,data/dgu/xls-from-triplestore/vehicle_and_operator_services_agency-2011-09-30-organogram.xls,3,39
Veterinary Medicines Directorate,2011-09-30,data/dgu/csv-from-triplestore/veterinary_medicines_directorate-2011-09-30-junior.csv,data/dgu/csv-from-triplestore/veterinary_medicines_directorate-2011-09-30-junior.csv,data/dgu/xls-from-triplestore/veterinary_medicines_directorate-2011-09-30-organogram.xls,3,63
Victoria & Albert Museum,2011-09-30,data/dgu/csv-from-triplestore/victoria_albert_museum-2011-09-30-junior.csv,data/dgu/csv-from-triplestore/victoria_albert_museum-2011-09-30-junior.csv,data/dgu/xls-from-triplestore/victoria_albert_museum-2011-09-30-organogram.xls,5,35
Visit England,2011-09-30,data/dgu/csv-from-triplestore/visit_england-2011-09-30-junior.csv,data/dgu/csv-from-triplestore/visit_england-2011-09-30-junior.csv,data/dgu/xls-from-triplestore/visit_england-2011-09-30-organogram.xls,5,12
West Northamptonshire Development Corporation,2011-09-30,data/dgu/csv-from-triplestore/west_northamptonshire_development_corporation-2011-09-30-junior.csv,data/dgu/csv-from-triplestore/west_northamptonshire_development_corporation-2011-09-30-junior.csv,data/dgu/xls-from-triplestore/west_northamptonshire_development_corporation-2011-09-30-organogram.xls,4,27
Young People's Learning Agency,2011-09-30,data/dgu/csv-from-triplestore/young_peoples_learning_agency-2011-09-30-junior.csv,data/dgu/csv-from-triplestore/young_peoples_learning_agency-2011-09-30-junior.csv,data/dgu/xls-from-triplestore/young_peoples_learning_agency-2011-09-30-organogram.xls,24,105
Youth Justice Board,2011-09-30,data/dgu/csv-from-triplestore/youth_justice_board-2011-09-30-junior.csv,data/dgu/csv-from-triplestore/youth_justice_board-2011-09-30-junior.csv,data/dgu/xls-from-triplestore/youth_justice_board-2011-09-30-organogram.xls,15,164
Asset Protection Agency,2012-03-31,data/dgu/csv-from-triplestore/asset_protection_agency-2012-03-31-junior.csv,data/dgu/csv-from-triplestore/asset_protection_agency-2012-03-31-junior.csv,data/dgu/xls-from-triplestore/asset_protection_agency-2012-03-31-organogram.xls,13,6
Audit Commission,2012-03-31,data/dgu/csv-from-triplestore/audit_commission-2012-03-31-junior.csv,data/dgu/csv-from-triplestore/audit_commission-2012-03-31-junior.csv,data/dgu/xls-from-triplestore/audit_commission-2012-03-31-organogram.xls,21,112
Ministry of Defence,2012-03-31,data/dgu/csv-from-triplestore/ministry_of_defence-2012-03-31-junior.csv,data/dgu/csv-from-triplestore/ministry_of_defence-2012-03-31-junior.csv,data/dgu/xls-from-triplestore/ministry_of_defence-2012-03-31-organogram.xls,598,7460
Home Office,2012-09-30,data/dgu/csv-from-triplestore/home_office-2012-09-30-junior.csv,data/dgu/csv-from-triplestore/home_office-2012-09-30-junior.csv,data/dgu/xls-from-triplestore/home_office-2012-09-30-organogram.xls,201,933
Human Tissue Authority,2012-09-30,data/dgu/csv-from-triplestore/human_tissue_authority-2012-09-30-junior.csv,data/dgu/csv-from-triplestore/human_tissue_authority-2012-09-30-junior.csv,data/dgu/xls-from-triplestore/human_tissue_authority-2012-09-30-organogram.xls,5,14
Ministry of Defence,2012-09-30,data/dgu/csv-from-triplestore/ministry_of_defence-2012-09-30-junior.csv,data/dgu/csv-from-triplestore/ministry_of_defence-2012-09-30-junior.csv,data/dgu/xls-from-triplestore/ministry_of_defence-2012-09-30-organogram.xls,535,6453
Ministry of Defence,2013-03-31,data/dgu/csv-from-triplestore/ministry_of_defence-2013-03-31-junior.csv,data/dgu/csv-from-triplestore/ministry_of_defence-2013-03-31-junior.csv,data/dgu/xls-from-triplestore/ministry_of_defence-2013-03-31-organogram.xls,189,1493
Ministry of Defence,2013-09-30,data/dgu/csv-from-triplestore/ministry_of_defence-2013-09-30-junior.csv,data/dgu/csv-from-triplestore/ministry_of_defence-2013-09-30-junior.csv,data/dgu/xls-from-triplestore/ministry_of_defence-2013-09-30-organogram.xls,599,4449
Ministry of Defence,2014-03-31,data/dgu/csv-from-triplestore/ministry_of_defence-2014-03-31-junior.csv,data/dgu/csv-from-triplestore/ministry_of_defence-2014-03-31-junior.csv,data/dgu/xls-from-triplestore/ministry_of_defence-2014-03-31-organogram.xls,518,3440
National Army Museum,2014-03-31,data/dgu/csv-from-triplestore/national_army_museum-2014-03-31-junior.csv,data/dgu/csv-from-triplestore/national_army_museum-2014-03-31-junior.csv,data/dgu/xls-from-triplestore/national_army_museum-2014-03-31-organogram.xls,5,29
United Kingdom Hydrographic Office,2014-03-31,data/dgu/csv-from-triplestore/united_kingdom_hydrographic_office-2014-03-31-junior.csv,data/dgu/csv-from-triplestore/united_kingdom_hydrographic_office-2014-03-31-junior.csv,data/dgu/xls-from-triplestore/united_kingdom_hydrographic_office-2014-03-31-organogram.xls,3,583
Ministry of Defence,2014-09-30,data/dgu/csv-from-triplestore/ministry_of_defence-2014-09-30-junior.csv,data/dgu/csv-from-triplestore/ministry_of_defence-2014-09-30-junior.csv,data/dgu/xls-from-triplestore/ministry_of_defence-2014-09-30-organogram.xls,629,4580
Ministry of Defence,2015-03-31,data/dgu/csv-from-triplestore/ministry_of_defence-2015-03-31-junior.csv,data/dgu/csv-from-triplestore/ministry_of_defence-2015-03-31-junior.csv,data/dgu/xls-from-triplestore/ministry_of_defence-2015-03-31-organogram.xls,626,4651
Student Loans Company Limited,2015-03-31,data/dgu/csv-from-triplestore/student_loans_company_limited-2015-03-31-junior.csv,data/dgu/csv-from-triplestore/student_loans_company_limited-2015-03-31-junior.csv,data/dgu/xls-from-triplestore/student_loans_company_limited-2015-03-31-organogram.xls,6,403
United Kingdom Hydrographic Office,2015-03-31,data/dgu/csv-from-triplestore/united_kingdom_hydrographic_office-2015-03-31-junior.csv,data/dgu/csv-from-triplestore/united_kingdom_hydrographic_office-2015-03-31-junior.csv,data/dgu/xls-from-triplestore/united_kingdom_hydrographic_office-2015-03-31-organogram.xls,4,431
Ministry of Defence,2015-09-30,data/dgu/csv-from-triplestore/ministry_of_defence-2015-09-30-junior.csv,data/dgu/csv-from-triplestore/ministry_of_defence-2015-09-30-junior.csv,data/dgu/xls-from-triplestore/ministry_of_defence-2015-09-30-organogram.xls,654,4653
Ministry of Defence,2016-03-31,data/dgu/csv-from-triplestore/ministry_of_defence-2016-03-31-junior.csv,data/dgu/csv-from-triplestore/ministry_of_defence-2016-03-31-junior.csv,data/dgu/xls-from-triplestore/ministry_of_defence-2016-03-31-organogram.xls,705,6350
